Transcript,Label,translated_words,full_source_language
근데 친구 솔직히 우리 공시 엄청 엄청 힘들 생각 근데 서울 면은 그냥 정도 으면 그냥 합격 한다 더라고 그니까 그렇게 약간 진짜 솔직히 거나 아니 애매 거나 나쁘 그냥 약간 그건 아니 어도 그냥 주변 에서 경우 많이,0,"But my friend Honestly, our disclosure is very hard, but Seoul is just passing if you just pass it.",korean
그니까 그때 아까 우스 소리 아니 코엑스 거기 국비 지원 인데 일본 취업 연계 IT 알려 건데 했잖아 아침 10 여섯 일곱 끝나 거의 커리큘럼 짜리 그래서 일본 기업 연결 건데 우리 모르 잖아 처음 갈라고 막상 갈라고 그래서 비자 나오 다음 어떤 커리큘럼 공부 거기 일본 기업 에서 다음 복지 어떻게 얼마 알려,0,"That's why it's ridiculous, it's a national expenses there, but I'm going to tell you a job link to Japan.How much knows how much welfare",korean
확인 연락 드린 건데요 실례 지만 기존 김현민 라고 부르 세요 지금 지요 일단 사람 동대문 에서 부동산 라고 공인 중개사 운동 사람 에요 근데 불법 도박 혐의 지금 저희 지금 현장 에서 주차장 신용카드 결과 대포통장 면서 지금 지금 국민은행 농협 지금 전화 해서 지금 통장 발견 돼서 일단 저희 지금 확인 연락 드렸 어요,1,"I contacted you, but I'm calling you Kim Hyun -min. I'm a real estate agent in Dongdaemun, but I'm an illegal gambling charges.Since we were found, we contacted us now.",korean
그래서 지금 대출 자금 아서 입금 약속 세요 왜냐면은 여보세요 무슨 말씀 라고요 아서 다시 다고요 해서 재처리 들어가 면은 해서 대출 자금 나가 문제 없이 해서 으로 올려 얘기 에요 그렇게 확답 올게요 대신 입장 라는 습니다 어제 부터 해서 지금 고객 감사과 직원 몰라요 정확 내용 대해서 아직 지금 기다리 상황 에요 처리 된다고 해서 그러니까 다른 얘기 마시 라는 예요 해서 다든지 얘기 놨는데 그때 그냥 마라는 말씀 입니다 돼요 처리 얘기 마시 라는 예요 그걸 약속 라는 예요 그니까 서로 해서 확답 드리 다는 예요 얘기 해서 문제 없이 대출 자금 처리 면은 확답 니까 그러니까 다른 얘기 마시 라는 예요 확답 드렸 어요 고객 나중 도저히 아요 얘기 버리 면은 솔직히 그렇 잖아요 입장 라는 뭔지 니까 그렇 해서 지금 처리 예요 약속 라고요 고객 약속 드릴게요 으면 오후 다시 그렇게 입금 다시 그거 선생 으로 습니까 합니다 내용 다시 다시 확답 습니까 아야죠 어떻게 아야죠 약속 드릴게요 그러면 한테 다시 전화 드리 습니다 전화 드릴게요 그럼 어디 구하 던지 정확 답변 드릴 니까 습니다,1,"So now, I'm an appointment of a loan Arthur, I'm going to see what I'm saying.I'm still waiting for the accuracy.The treatment side is confirmed, so don't talk about it.I'll be sure again again.",korean
과정 에서 본인 명의 하나 겁나 니까 같이 연락 드린 고요 면은 본인 직접 증감 재생 위해서 녹취 일자 개월 걸로 확인 습니다 그래서 실수 앞전 간략히 까지 핸드폰 전라도 앞전 말씀 드렸 다시피 직접 보니 해드릴 겁니다 내려 고요 그래서 거든요 부분 준비,1,"In the process, I was scared of my name, so I contacted you as a recording date to play a direct increase and decrease.",korean
네이버 중고 나라 사이트 대구 지역 으세요 사이트 에서 김재원 일단 그리 국가 물건 판다고 매물 올려 제일은행 통장 으로 입금 동안 작업 많이 라고 소주 잠적 상태 고요 물건 보내 때문 피해자 발생 종필 으로 면서 본인 으로 사귀 자고 수고 접수 상황 입니다 지금 현재 전국 으로 멜로디 식구 180 여유 사건 현미 으신 저희 구속 영장 발부 에서 지금 구속 습니다 여기 냐면 통신 기록 개월 처리 김병근 통화 내역 라든지 문자 내역 발견 때문 일체 형인 다고 생각 한다 전반 상황 취록 진행 도와 드릴 예요 무슨 인지 동의,1,Naver Used Country Site Daegu Regional Site Site Site Kim Jae -won.Melody's 180 -year -old case is arrested in our arrest warrant.,korean
하늘 완전 그냥 완전 그냥 모래폭풍 처럼 완전 그렇게 돼서 나오 라서 진짜 미세먼지 모래 중국 모래폭풍 까지 면은 진짜 완전 미세먼지 장난 아니 오늘 아침 나와 니까 별로 그렇게 심한 근데 얘기 듯이 오후 온다 그러니까 그건 봐야 날씨 조카 갈까 생각 아이씨 생각 봐야 조카 갈지,0,"The sky is just like a sand storm, so it's like a sand storm, so it's really fine dust for sand storms.I should see my nephew",korean
그래서 아마존 들어갔 숙소 드래 들어가 하루 들어갈라 도심 에서 그래 어떡 어떡 택시 기사 자기 에서 자라 그랬 택시 기사 완전 진짜 판자촌 판자촌 거기 하루 들어가 악어 원숭이 사진 사진 많이 그랬 궁금 신기 아마존 언제,0,So I went into Amazon and went in a day.,korean
여보세요 여보세요 수고 십니다 범죄 예방 기획,1,"Honey, Hello Huh.",korean
여보세요 여보세요 고객 김진아 대리 입니다 통화 어요 그쪽 에다 혹시 다른 다른 물어본 어요 관리자 전용 계좌 거든요 기업 구요 네네 그러 고객 담당자 관리 계좌 상환 네네 잠시 담당자 관리 계좌 상환 팀장 라고 나온다는 상태 다른 문구 확인 에요 네네 문구 한테 말씀 셔야 그거 다가 한테 말씀 구요 그리고 방문 담당자 관리 계좌 사용 시간 30 처리 셔야 네네 혹시 식사 세요 아뇨 아뇨 하하하 그럼 방문 네네네 창구 창구 에서 영수증 발행 잖아요 그거 지참 셔야 구요 교본 어떻 해요 어떻게 고객 교본 일단 현대 저축 에서 저희 인제 결제 완납 결제 서류 다음 진행 습니다 그리고 방문 시간 어느 정도 소요 세요 지금 바로 면은 사람 으면 금방 그러 면은 그래도 말씀 아서 다행 네요 걱정 그러 면은 방문 네네 소요 시간 정도 걸리 에요 10 정도 네요 10 정도 그러 면은 들어가 에서 한테 전화 주세요 고객 습니다 네네네 지금 방문 에서 전화 주세요 고객 네에,1,"Honey, I'm a customer, Kim Jin -ah, I'm a call.It's all about the Word, and you have to do it, and you have to do it at the visit person.Payment documents are going to proceed next time and how much time do you have to do it right now.Please, please call me now.",korean
아무튼 그거 그래서 그걸 거기 14 학번 학번 선배 근데 사람 몰랐 그러 새내기 면서 되게 17 인가 거기 누구 면서 사진 보여 그래서 사람 사람 일단 밝혀졌 그리고 그리고,0,"Anyway, that's why there's a senior in the 14th grade, but I didn't know how to do it.",korean
일어났 습니까 장소 잡고 께서 42 남성 김동술 계십니까 아니 본인 명의 개설 통장 날짜 지점장 입니다 2013 경기도 광명시 철산 지점 에서 농협 하나 통장 세트 으십니까 개설 2013 부터 현재 사건 접수 2015 까지 경기도 광명시 방문 보내 습니까 현재 악센트 통장 불법 점거 현장 잡부 때문 지금 현재 동백 처리 습니다 더니 습니까 사건 연루 그냥 혼자 때문 금융 감독원 에서 짜리 전진 시켰 고요 휴면 계좌 으십니까 통장 취소 오랫동안 사용 계절 말씀 드리 겁니다 현장 압수 물건 사용 으니까 하나 다른 금융 사용 습니까 점심 금융 감독원 에서 물건 대해서 CCR 예정 고요 니까 서진 서진 내용 금융 감독원 식사 과정 에서 니까 라는 다른 부분 발견 아까 말씀 드렸 통장 동일 모든 처리 겁니다 정확 한지 바랍니다 목소리 조금 바랄 당사자 께서 현재 사용 금융 간략 말씀 바랍니다 하나님 사용 겁니까 아무것 고요 현재 당사자 니까 농협 하나 사용 신다고 진수 습니다 회장 금융 어떤 용도 사용 십니까 농협 입출금 하나 으면 입출금 하나 하나 하나 청약 통장 다고 말씀 고요 으십니까 어떻게 습니까 국제 학생증 때문 완전 라서 어요 아까 다고 으셨어요 아까 사용 나왔 수술 사용 부장 말씀 습니까 그러면은 지금 하나 말씀 십니까 농협 입출금 하나 밖에 으신 던데 다시 확인 드리 습니다 일단 니까 으면 물건 다는 말씀 고요 입출금 하나 밖에 으신 겁니까 금융 독서실 어요 마이너스 통장 사용법 으시 예금 적금 오창 여기 많이 고요 지금 물건 대전 니까 지내 으십니까 물건 사용 면서 인터넷 뱅킹 텔레 뱅킹 사용 십니까 인터넷 뱅킹 스마트 뱅킹 사용 겁니까 스마트 뱅킹 아무것 으신 보다 으면 보안 카드 어차피 사용 습니까 카드 스마트 뱅킹 너무 잖아 농협 다른 고요 그리고 아까 말씀 드렸 다시피 금융 실시 면서 니까 확진 금액 줘야 건데요 오늘 그러면 얼마 정도 금액 어야 계좌 입금 신지 습니까 그리고 90 50 100 100 50 차이 큰딸 치료 말씀 됩니다 정대위 출근 50 고요 지금 50 으니까 그러 지금 아예 다른 으시 잠시 기다리 십시오 수원시 내용 소대 줘서 실시 문제점 해물 면은 본인 에게 연락 들어갈 겁니다 만약 연락 다시 연락 면은 여기 끝난 걸로 생각 됩니다 수고,1,"Did you get up? 42 Male Kim Dong -sul?Because of the current camellia processing, I'm just alone in the Financial Supervisory Service.Since I found another part of the Financial Supervisory Service, I mentioned the other part of the book.Do you have any use of the chairman of the president.I'm outside, but I'll check it again.You're going to use banking smart banking?100 100 50 differences. The treatment is about 50 years old.",korean
그런 진짜 머리 사고 회로 페이스북 남다르 돌아가 생각 어서 대학교 대학교 학년 학년 페이스북 약간 그런 약간 페이스북 해야 별로 멋없 보인다 멋없 근데 그때 페이스북 되게 보였 스타 그램 멋있 보이 모르,0,"Such a real head accident circuit Facebook Namdar, I think it's a bit of a little Facebook in college, and it's not very nice to see a little Facebook.",korean
지금 부터 상황 보고서 작성 에녹 치과 겁니다 신사업 으로 상황 보고서 공문 내려 구요 부분 고객 동의 진행 십니다 에서 십니까 고객 고요 그랬 으면서 고서 공무원 신사동 결제 송경원 팀장 바로 올려 드리 도록 습니다 으시 고요 지금 아마 12 정도 으니까 진행 면서 들으시면 오늘 까지 겁니다 고객 한테 전화 감사,1,"From now on, I will write the situation report Enoch Dentist.Thank you for calling your customers",korean
연근 조리기 명절 그래 불법 금융 에서 기다리 목소리 사이트 올려 굉장히 합니다 그러 니까 기도 많이 구매 필리핀 했는데도 불구 지금 께서 아무 물건 못하 상태 느낌 계좌 했는데도 불구 물건 못했 신고 신고 계좌 지금 보낸 예요 그렇 때문 본인 오늘 으로 지금 아야 부분,1,"Lotus root cooking holiday Yes, I uploaded a voice site in illegal finance.",korean
예수 혹시 출근 인데 주민 등록증 운전 면허증 그러 얼마 정도 언제 그걸 계십니까 여쭤 습니다 통장 지금 언제 정도 불법 도박 자금 8600 27 에서 종결 시켜 서울 시장 혹시 저거 71 다시 남성 인제 사람 지금 무슨 말씀 싸가지 본인 판명 아니 십니까 통장 개설 려면 통장 지금 나가 습니다 확장 지만 사건 사람 불법 도박 사이트 그때 통장 필요 니까 전국 130 통장 통화 니까 판매 한번 확인 연락 드렸 습니다 판매 그래서 요즘 사건 조사 과정 에서 밝혀진 엄청 신분증 통장 신용카드 신용카드 만들 어서 배제 상황 입니다 창문 말씀 드리 으시 처벌 관한 법률 통장 으로 판매 3000 그럼 지금 말씀 드리 습니다 혹시 문자 심심 으면 으십니까 귀엽 마신다 사건 별로 의미 검찰청 나오 셔서 지금 조사 자기 언제 부산 고등 검찰청 출석 부산 고등 검찰청 오늘 시간 습니까 너무 힘들 그래서 자전거 사건 연루 힘들 때문 네요 사실 여부 판단 위해서 질문 드리 습니다 PC 질문 전반 으로 장성현 사람 시간 으십니까 니까 아침 10 계셨 화요일 습니다 저녁 시간 십니까 지금 음성 으로 니까 말씀 드린 대로 계십니까 계십니다 현재 합법 으로 그래 계십니까 그래 그럼 계시 진짜 어떤 생각 계신 떠나 겁니다 그냥 신다는 말씀 십니까 다르 으시 농협 으시 고요 국민은행 통장 다고 그게 진정한 십니까 그럼 혹시 금융 증권 동양증권 삼성증권 동생 고민 농협 그냥 그냥 그냥 그냥 그냥 으실 텐데 인터넷 장사 한다 말씀 십니까 모바일 뱅킹 고요 그리고 어차피 으니까 카드 으십니까 일정표 303 10 29 카드 cv 34 634 아저씨 으면 그냥,1,"If you go to work, when did you ask your residents' registration driver's license?It's expansion, but it's an illegal gambling site.3000 Legal Bank 3000 Then I will tell you now.I'm asking you to the question.It's true that it's true that it's true that it's a bank account for Kookmin Nonghyup, and it's true.634 If you are, just",korean
여보세요 수고 으십니다 여기 서울 중앙 지검 수사 일만 수사관 인데요 다름 아니 본인 으로 전자 금융 거래법 위반 때문 확인 연락 드렸 잠시 통화 신가요 녹취 녹취 할게요 얼마 저희 지검 에서 김광호 주범 으로 금융 사기 집단 검거 명의 개설 국민 농협 계좌 발행 현재 검거 범죄자 김광호 진술 앞선 통장 명의자 직접 판매 다는 진술 나온 상황 인데 서울 출신 37 김광호 모르 서울 전혀 모르 사이 세요 통장 본인 께서 직접 판매 나요 전혀 전혀 말씀 저희 확인 결과 2017 11 27 서울 서초 지점 에서 새로 개설 계좌 확인 본인 께서 개설 으신 아니 아니 그렇 다면 혹시 최근 본인 신분증 개인 정보 여보세요 들리 십니까 물건 분실 나요 습니다 그러면 본인 개인 정보 유출 다는 문자 메일 으신 어요 현재 본인 같이 판매 개설 다고 신청 직접 으로 판매 전자 금융 거래법 위반자 본인 께서 주장 대로 라면 본인 라도 도용 도용 피해자 인데 으세요,1,"Huh, I'm only an investigator of the Seoul Central Prosecutor's Office.Criminal Kim Kwang -ho's statement is a direct sale of the bank account name.No, if so, if you are a personal information, I will hear you.I'm a victim of theft",korean
단언 암튼 엄청 친한 근데 우리 사람 원래 학년 학년 우리 같이 엄청 친하 지냈 학년 학년 면서 우리 부회장 그러 면서 다른 사람 부딪힐 잖아 그래서 다른 사람 엄청 심하 많이 어울리 면서 우리 사람 먼저 자고,0,"Anyway, I'm very close, but we were very close to our students, and we were very close to our school year.",korean
자랑 듯이 얘기 굳이 굳이 친구 한테 자신 자랑 한테 보이 사귀 아니 한테 자랑 자기 매력 어필 냐고 그래서 약간 자랑 약간 약간 약간 그런 약간 마약 누구 자기 따른 사람 남자 얘기 자긴 해야,0,"I'm proud of it, I'm proud of it to my friend, I'm proud of it, so I'm a bit proud of it.",korean
그냥 충분히 친하 한데 모이 상당히 친하 저런 떠들 면서 거든 근데 막상 상황 서로 얘기 서로 게임 다르 게임 사이퍼즈 밖에 오스 잖아 별로 그러 오버 워치 별로 잖아 그래서 막상 사이퍼즈 밖에 사이퍼즈 글쎄 사이 사이퍼즈 별로,0,"I'm just close enough, but I'm very close to me, but I'm talking about each other, but it's only Os outside the game Dar Game Cyphers.",korean
여보세요 여보세요 안녕 세요 고객 케이비 국민 김진아 대리 입니다 월요일 접수 부분 결과 나와서 안내 연락 드렸 거든요 잠시 통화 괜찮 으시 결과 안내 도와 드리 도록 습니다 말씀 세요 지금 현재 결과 나오 저희 상품 서민 구제 명목 으로 정부 지원 출시 상품 신데 기존 마이너스 통장 보다 발급 조건 그렇게 까다롭 다고 말씀 드렸었 잖아요 근데 그렇게 까다롭 대신 저희 에서 고객 께서 신용 대출 거래 토대 구행 인제 발급 드리 상황 인데 고객 현재 신용 대출 거래 내역 전혀 으시 다고 결과 나오 어요 지금 현재 주택 담보 대출 신데 부분 당연히 금융 에서 저금리 으셨기 때문 연체 신용 대출 거래 토대 발급 드린다는 어떤 냐면은 부분 신용 대출 면은 고객 께서 원금 부분 상환 잖아요 내역 고객 께서 인제 저희 마이너스 통장 발급 해드려 문제 없이 사용 구나 구나 인제 판단 해야 고객 께서 판단 자료 다고 말씀 더라고요 그래서 저희 마이너스 통장 발급 원금 부분 원활 상환 상황 능력 평가 미달 현재 부결 처리 나오 거든요 그럼 대출 어야지 그런 상황 건가요 솔직히 결과 나오 결과 나오 솔직히 말씀 드려서 인제 심사 에서 어떤 기준 으로 인제 심사 판단 정확 말씀 드릴 어요 심사 에서 판단 부분 때문 아니 그러니까 결론 대출 서민 그렇게 기존 신용 대출 사람 신용 대출 그런 토대 처리 해서 나온다는 건가요 일단 결과 그렇게 나오 거든요 네요 인제 말씀 드리 자면 신용 대출 거래 내역 토대 고객 께서 저희 마이너스 통장 발급 경우 드렸 원금 부분 원활 상환 부분 으로 결과 나오 고객 충분히 아서 발급 그런 부분 아서 접수 도와 드렸 부분 인데 에서 지금 그런 건가요 심사 에서 그런 건가요 마이너스 대출 으면 상환 능력 다고 된다고 판단 건가요 그럼 약간 그런 판단 판단 판단 여부 인제 그런 자료 조금 약간 부족 라는 으로 결과 나오 어요 희한 저희 에서 약간 한테 충분히 사용 아서 상담 접수 도와 드렸 부분 부결 처리 나오 아쉬운 부분 굉장히 으세요 지금 보험 으시 사대 보험 으신 직장 재직 다가 재직 기간 오래 소득 부분 그렇 으신 아니 신데 조금 아쉬운 부분 으신데 그니까 그냥 아예 된다고 나온 건가요 금액 아니 아예 마이너스 통장 발급 된다고 나온 건가요 부결 처리 나오 어요 부분 핸드폰 요금 카드 요금 밀린 지금 신용 대출 아도 천만 정도 나오 걸로 그러 구나 그럼 조금 그런 부분 아쉬운 부분 으신데 아무래도 생각 서민 구제 명목 으로 나온 때문 고객 께서 선정 부분 대해서 조금 말씀 드려야 약간 조건 너무 으셔서 구제 명목 아닌 다른 으로 셔서 결과 나오 아니 신가 생각 조금 해요 그럼 마이너스 통장 그런 발급 에요 다른 으로 발급 건가요 저희 상품 상품 상품 서민 구제 명목 으로 나오 상품 구요 다른 마이너스 통장 상품 으세요 고객 혹시 기본 원래 기본 그런 마이너스 통장 상품 으신 아니 고객 저희 마이너스 통장 발급 으신 처음 용도 어떻게 에요 고객 지금 분양 투자 어서 약간 여기 그게 될지 될진 모르 지만 어디 라고 해야 그러니까 분양 주택 조합 중간 어야 상황 생길 거든요 그래서 미리 신용 대출 으면 거기 알아봐 신용 대출 으면 된다 네네 된다 미리 금리 아서 언제 사용 해도 상관 다고 니까 미리 볼라고 그때 으려면 복잡 미리 볼려고 거든요 아니 면은 고객 지금 고객 께서 필요 다고 인제 저희 국민은행 다른 상품 다른 마이너스 통장 상품 으신데 혹시 인제 다른 상품 다른 방법 으로 고객 마이너스 통장 발급 확인 한번 드릴게요 그러 그러 면은 부분 혹시나 다른 상품 다른 방법 으로 발급 그런 상품 방법 확인 한번 고요 다시 연락 드리 도록 습니다 습니다 그러 고객 담당 설계사 배정 때문 최대한 고객 께서 발급 도록 노력 해서 알아보 다시 연락 드리 습니다 고객 습니다 감사 합니다,1,"Hello, let's see, please be a customer, Kim Jin -ah.I told you that it is more difficult than the bank account.Naturally, because it was low in finance, it is a part of the delinquent credit loan transaction.It is said that it is a data, so we have a negative account of the principal of the principal of the principal of the smooth repayment of the situation.Because of the judgment part, the conclusion is that the conclusions are that the existing credit loan person credit loan comes out with the foundation.As a result, I helped you to accept Arthur's parts, but is it?It's a little bit of a rejection that helped you to accept the consultation with a little bit of use for us, and it's very unfortunate.No, it's a negative bank account. It's a rejection.I have to tell you a little bit too much, so I'm not a remedy.Basically, it's a minus bankbook product or a customer for the first time.You need to do it in advance, so it's time to use it.I will confirm the issuance of the customer bank account, and if you do it, I will check the product method of other products. I will contact you again.Thank you for your customer",korean
저희 에서 전반 내용 조사 결과 일단 경우 일정 으시 신부동 확실히 처리 본점 보이 으세요 근데 저희 검색 라는 저희 심심 만들 피해자 부를 상황 입니다 그것 때문 피해자 진행 예요 Ap 542 경조사 본인 에게 일차 때문 진행 추후 발견 된다면 그때 직접 수술 셔서 수술 셔서 그때 조사 으셔야 현실 입니다 그리고 전반 과정 취록 진행 됩니다 조심 해서 병원 에서 치료 때문 잡음 많이 목소리 경우 증거 자료 어려운 부분 거든 그게 다른 아까 드렸 질문 그대로 겁니다 니까 기다려,1,"As a result of the entire content survey, we will be able to see the head office certainly, but our search is the victim of our search.It is a reality to investigate, and it is a good job in the first half.",korean
함께 입니다 고객 현재 정부 지원 대상자 최저 금리 마이너스 통장 대환 대출 신용 대출 천만 짜리 저희 대출 상담 센터 에서 고객 말씀 영상 도와 드리 습니다 상담 원하 눌러 세요 눌러,1,"Together with the current government support, the minimum interest rate, minus loan loan loan loan loan, we will help the customer video at our loan counseling center.",korean
안녕 세요 저희 친애 저축 법인 센터 입니다 친애 저축 저희 타사 금리 사용 자금 으시 저금리 저희 채무 통합 드리 친애 저축 본사 나요 여보세요 친애 저축 본사 나요 저희 본사 아니 지점 입니다 지점 어디 저희 잠실 구요 잠실 지점 혹시 자금 필요 거나 타사 고금리 대환 으시 진행 통해서 한도 먼저 알아봐 드리 구요 그럼 친애 저축 에서 직접 에요 그러면 상담원 성함 알려 나요 입니다 여의,1,Goodbye We are our affairs savings corporation center.I will find out the limit first through the utea.,korean
최근 개월 셔야 햇살 진행 저희 햇살 특성 채무 개월 셔야 햇살 기능 한지 거든요 세모 으셔서 부분 문제 생길 실망 어떻게 사람 페퍼 저축 경우 으로 정리 고요 저희 자극 어요 고객 니까 걸리 저희 고객 정리 저희 에서 바로 진행 오늘 으로 바로 송금 십니까 일단 그거 해결 해야 잖아 근데 사람 페퍼 저축 잖아요 에서 군데 정리 셔도 저희 에서 작업 나가 거든요 군데 계시 잖아요 근데 고객 대출 으시 필요 해서 으시 건데 어서 어서 으시 건데 정리 어려울 아니 에요 그러니까 군데 우선 정리 저희 에서 자금 무리없이 나가 거든요 근데 금액 금액 니까 돼요 그럼 여기 500 잖아요 납부 경우 원리금 등분 방식 으로 사람 데리 그래도 사람 고객 께서 보이 아요 그러 셔도 페퍼 저축 저희 으로 어요 많이 말씀 드리 군데 정리 셔도 페퍼 저축 저희 으로 대한 다고 말씀 드리 예요 고객 께서 사람 점심 아뇨 500 잖아요 정말로 힘든 시간 과장 한테 말씀 올려서 부분 너무 힘드 셔서 아니 그냥 일부 편지 말씀 드릴 으세요 어떻게 고객 편집 건가요 많이 힘드 세요 그러니까 일부 번지 세요 우선 먼저 일부러 편지 신다 네요 께서 연체 저희 에서 진행 니깐 얼마 우선 지금 나오 부분 150 먼저 편지 고요 현재 잠시 150 제하 그리고 고객 께서 과장 한테 전화 예요 그러면 그때 괜찮 무리 무리 없이 그냥 오늘 자금 고요 어떻게 도와드릴까요 어느 으로 해야 돼요 사람 업체 경우 고객 께서 잠시 만요 택배 회사 고객 께서 내신 금융 위기 때문 어차피 으로 저희 대현 대화 상관없 으니까 아니요 제일 빠를 아요 등록 세요 지금 현재 세요 사람 네네 그렇 그냥 100 된다 사람 사람 1100 라고요 고객 라고 말씀 으셨어요 경우 600 라고 전체 리드 코프 100 500 페퍼 백만 세람 저축 500 아니 300 300 납부 세요 300 오늘 제일 으로 처리 세요 그러면 100 처리 과장 한테 힘드 니까 일부 변제 신다 으면 올려 드릴게요 네네 우선 잠시 만요 고객 께서 일곱 편지 저희 에서 올라갈 으세요 그래서 따로 우선 그거 나중 과장 얘기 고요 납부 처리 말씀 다시 드릴게요 고객 께서 새로운 저축 대한 보세 현재 진행 에요 반드시 범물동 나쁘 라고 라고 여보세요 네네 그래요 그래 그래야 많이 제당 으실 으시 고요 저희 실수 실수 12 해당 금융 에서 돌려받 으세요 방문 한다고 방문 압구정 증명서 문병 발생 에서 비용 면제 드렸 으니까 비용 따로 셔도 요네 잠시 오늘 으로 바로 진행 으시 고요 그럼 우선 저희 에서 법무 계좌 계좌 안녕 세요 혹시 지금 통화 으시 계좌 처리 고객 께서 저희 에서 처리 요한 거기 중도 상환 처리 고객 부득이 상황 으세요 법무 계좌 납부 사무 으로 계좌 으신다고 말씀 올려 잠시 우선 올려 드릴 거든요 그러 메모 준비 셔야 돼요 신사 까지 그러니까 우선 지금 심각 올려 드리 30 정도 세요 30 전화 다시 니깐 심사 전화 고요 저희 에서 개인 문자 보내 드려요 그니까 심사 에서 메모 라고 예요 습니다 그러면 고요 올려 드리 습니다 담당자 생겼 습니다,1,"In recent months, the sunshine is the sunshine characteristic debt.You have to solve it, but it's a pepper saving people.It's 500 here.I'm so hard to talk to the manager of the hard time.It's 150 for a while and the customer is calling to the manager.I'm the fastest, but now I'm the fastest now. Now, I'm just 100 people.It's hard for 100 processing managers, so I'll upload it if you have some repayment.Yes, yes, yes yes yes yes yes yes.Go account your account, if you are now a call -cluited account processing customer, we'll have a repayment processing customer in it.I'll upload it about 30. 30 You call it again.",korean
그렇 그렇 동의 반데 최근 출신 선배 만나 얘기 했었 얘기 했었 그분 우리 나라 징병제 아닌 모병제 국가 바꿔야 한다 미국 관계 정리 그리고 북한 외교 포커스 맞춰야 한다 그런 으로 얘기 더라고 그래서 그렇게 정치 국가 국가 사이 관계 역학 구도,0,"Yes, I have told you to talk about the recent senior, but I have to change the nation of recruitment system, not the draft of our country.",korean
으로 그렇게 마시 지금 막막 친구 마시 마시 거든 근데 먼저 약속 그래서 그때 만나 친구 아프 했었잖 그냥 카페 라도 자고 그래서 미안 한데 지금 친구 약속 아서 다고 더니 그러면은 평일 학원 학원 강남 거기 토익 학원 다니 거든 그래서 거기 만나 자고 진짜,0,"I don't drink like that, but I promised to meet my friend first and then I was sick.",korean
여기 지금 지하 창고 입니다 며칠 에서 나왔 쪼까 필요 해서 어머님 지하 창고 지금 여보세요 xx 전화기 경찰 신고 거나 짓거리 엄마 잘라 버릴 여보세요 xx 동철 오른손 어다가 잘라 버려 지금 여보세요 금방 금방 금방 대답 여보세요 어르신 그러 아요 여보세요 지금 들리 어르 엄마 잠깐 지하 창고 감금 해놨 다고 무슨 인지 지금 단지 필요 지금 엄마 목숨 아니 어디 직장 xx 전화,1,Here's an underground warehouse. I need to come out from a few days.It's a short time to imprison the underground warehouse.,korean
여보세요 입금 아까 계좌 오류 나가 오류 잠시 잠시 만요 오류 나온다 고요 금융 감독원 에서 발급 요청 해서 고객 께서 에스크로 계좌 발급 신청 아요 그렇 때문 문제 저희 에서 확인 잠시 그러 일단 고객 납부 납부 시간 너무 지연 어요 에스크로 계좌 경우 납부 다고 지연 시간 너무 오래 걸리 면은 다시 회수 처리 거든요 아마 지금 현재 시간 너무 오래 때문 입금 예요 그죠 입금 오류 나오 아요 그래서 다시 발급 요청 해야 돼요 그래서 일단 직장 근무 셔야 때문 일단 복귀 세요 복귀 산와 대부 산와 머니 통화 해서 다시 해서 에스크로 계좌 발급 요청 할께요 그런데 발급 요청 저희 발급 더라고 해서 바로 나오 아니 거든요 에스크로 계좌 경우 금융 감독원 에서 안전 진행 드리 위해서 고객 께서 만일 저희 에서 상대 산와 머니 납부 중도 상환 없이 했는데도 불구 저희 에서 만일 대출 부결 부결 다시 환급 계좌 발급 에요 그렇 때문 지금 시간 오래 지연 잖아요 그래서 산와 머니 에서 통화 해서 에스크로 계좌 발급 새로 발급 드리 전화 드리 습니다 근데 어서 통화 어려울 거든요 그러 세요 그러면 그러면요 어떻게 오늘 지금 시간 아요 그래서 시간 여섯 저희 금융 업무 마감 시간 때문 오늘 납부 난다 더라도 내일 내일 해서 송금 처리 으실 거든요 시간 너무 촉박 니까 그래서 내일 오전 으로 처리 어떠실까 편하 시간 그게 괜찮 아요 그렇 습니다 그러면 내일 오전 정도 해서 진행 드릴까요 그럼 12 아니 오후 정도 그때 오후 오전 오후 에서 사이 해서 진행 드릴게요 습니다 그럼 오늘 근무 구요 괜찮 내일 저희 대출금 수령 게끔 처리 건데 괜찮 내일 해도 상관 어요 습니다 고객,1,"Honey, the deposit is an error, the error will come out for a while.It takes too long to recover again. Maybe it's because it's too long now.I'll ask you to request a request for issuance.It's been a long time now.You'll be transferred to the remittance. So why don't you take care of it tomorrow morning? It's okay.It's okay tomorrow's loan will be handled.",korean
통장 발견 신한은행 에서 국민은행 으로 확인 고요 계셨 어요 아니면은 지금 등산 불법 으로 사용 어요 저희 여기 소장 확실 확인 연락 드린 건데 관계 설정 그러 세요 그러면 면은,1,I found a bank account at Shinhan Bank as Kookmin Bank.,korean
구요 한국 자산 관리 공사 농협 중앙 농협 중앙 에서 지급 일반 신용 대출 담보 대출 아니 구요 한국 자산 관리 공사 정부 정책 자금 입니다 상품 금융 제도 소외 서민 계층 에게 보증 지원 통해서 어디 에서 대출 라고요 자산 공사 한국 자산 관리 공사 정부 정책 자금 구요 관리 공사 한국 자산 관리 공사 라고 면은 나오 거든요 고객 정책 여기 정책 자금 정부 정책 자금 나오 나요 나오 나오 십니다 고객 라고 쳐야 나오 나요 우선 고객 한국 자산 관리 공사 여기 최종 최종 승인 나셔 여기 심사 거기 최종 승인 으신 고객 께서 대출금 고객 근처 농협 중앙 내방 셔서 대출금 수령 고요 우선 접수 통해서 서민 금융 통합 지원 센터 접수 세요 잠깐 만요 서민 금융 통합 지원 센터 서민 금융 통합 센터 거기 배정 접수 시켜 드리 면은 거기 대출 전문 담당자 배정 으실 겁니다 고객 께서 그러 얘기 대출 일반 부업 에요 아니면 정말 농협 주관 에서 에요 자산 관리 공사 정부 정책 자금 에요 정부 에서 자금 구요 정부 지원 저희 접수처 농협 구요 고객 접수처 농협 고요 접수 고객 접수 드리 면은 서민 금융 통합 지원 센터 접수 시켜 드릴 예요 거기 고객 한도 금리 평가 으신 한국 자산 관리 공사 심사 져요 거기 최종 승인 으시 면은 고객 대출 대출금 수령 겁니다 고객 습니까 서민 금융 자산 공사 에서 대리 아요 그렇 그렇 여기 저희 접수처 농협 구요 접수처 농협 농협 접수처 그렇 그렇 다음 서민 금융 통합 지원 센터 접수 시켜 드릴 예요 고요 거기 대출 전문 담당 배정 으시 면은 한도 금리 평가 평가 드려요 고객 한도 금리 그리고 한국 자산 관리 공사 심사 져요 거기 최종 승인 으셔야 대출금 수령 구요 습니까 고객 오래 걸려요 기간 빠르 면은 으시 기간 걸리 주일 아마 화요일 정도 처리 겁니다 고객 그래서 처리 면은 구비 서류 농협 방문 건가요 구비 서류 농협 방문 건가요 습니다 고객 희망 금액 어느 정도 천만 에서 정도 에서 천만 그럼 접수 저희 천만 으로 도와 드릴게요 접수 드리 면은 서민 금융 통합 지원 센터 대출 전문 담당자 께서 고객 정확 한도 알려 니까 우선 저희 천만 으로 접수 드릴게요 과정 에서 개인 정보 필요 제공 그런 과정 에서 마지막 심사 농협 접수 수전 개인 정보 제공 건가요 지금 접수 통해서 고객 정보 시켜 드리 잖아요 그래서 고객 주소 직업 여쭤볼 예요 프로 해요 프로 25 에서 근데 대부분 평가 미만 으로 으세요 27 28 정도 예상 예상 구요 1000 정도 으신다고 면은 27000 정도 예상 됩니다 27000 에서 28000 정도 그래요 접수 계속 도와 드릴까요 고객 어떻게 해야 그러 정부 정책 자금 대출 신청 대리 신청 때문 본인 확인 대한 정보 접수 구요 저희 무료 신용 정보 통해서 조회 등록 드리 위해 주민 번호 13 자리 확인 부탁 드리 습니다 으십니까 잠시 만요 성함 주민 번호 확인 다시 부탁 드릴게요 성함 고객 주민 번호 으십니까 잠시 만요 확인 습니다 그럼 본인 확인 위해서 문자 숫자 여섯 자리 발송 드릴 건데요 요즘 개인 정보 유출 도용 방지 위해서 임시 아이핀 발급 통해 전하 본인 확인 도와 드리,1,"Koo Yo -Yo Korea Asset Management Corporation Central Agricultural Cooperative Central Agricultural Cooperatives Payment General Credit Loan Mortgage Loan Korea Asset Management Corporation Government Policy Fund.The Korea Asset Management Corporation is the Korea Asset Management Corporation. Customer Policy Here Policy Fund Policy Funds come out.Near the Nonghyup Central Inner Inner Innation Payment Payment Payment Payment Please accept the preferential reception of the People's Financial Integrated Support Center.Or it is really in the agricultural cooperative government policy fund.The final approval of the asset management work will be accepted by the customer loan.The assignment of the loan specialist is the limit rate evaluation evaluation. Customer limit rate and Korea Asset Management Corporation will be approved.Noodles are visited by Nonghyup. Are you visiting the Nonghyup?I will receive 10 million personal information in the process.Estimated estimated estimated 1000 If you have about 27000, 27000 to 28000.Please check the 13 -time social security number.I will help you check your Identity through issuance",korean
진짜로 때문 부분 대한 조금 최대한 으로 오늘 사건 마무리 겁니다 착한 마음 으로 대해서 통장 으로 으러 마무리 까지 공유 한다거나 했을지는 직접 으로 강제 으로 소환 조사 진행 습니다 본인 상담원 한테 재운다고 다고 말씀 드리 라고 십니까 할게요 수사관 금전 요구 습니까 개인 정보 신상 정보 라고 어요 안희정 빠져나가 합니까 얘기 십시오 검찰청 으로 직접 나와서 전화 세요 그러면 어떠 부르 갑자기 으시 검사 국민 상대 기증 다는 겁니까 지금 에서 면서 어요 할까요 우리 지금 소비 내용 신문 아셨 직접 으로 드릴게요 통장 통해서 불법 자긍심 146 걸쳐서 천만 책임질 겁니까 결정 예요 드렸 벌금 추가 으로 나옵니다 본인 책임질 으면 그렇 얘기,1,I'm going to finish the case as much as possible because of the fact that I'm going to have a good heart and shared it with a bank account.It's information. Do you want to get out of Ahn Hee -jung? Please come to the prosecutor's office and call me. How do you suddenly donate a national opponent?It's a fine.,korean
해야 아침 음식 그릇 아예 식기 잖아 라구 근데 그걸 파란색 설거질 해서 근데 물기 제대로 설거지 제대로 거기 걸레 냄새 난단 식기 에서 걸레 냄새 그냥 그거 어서 사람 그거 음식,0,"Morning food bowl is a dish at all, but it's blue, but it's blue washed and dried properly.",korean
지금 언니 시간 보내 도착 체크인 근데 근까 우리 시간 보다 한참 그서 그니까 몰랐 해서 그러면은 라도 그래야 아닌가 그래서 놓쳐 그리고 일본 체크인 빨리 몰랐 면서 비행기 놓쳐서 그냥 끝나,0,"Now, I have been to arrive in my sister's time.",korean
인까 여섯 자리 아니 지금 니까 자리 애기 라고 자리 근데 어른 니까 자리 잖아 니까 근데 애기 으니까 자리 라고 인사 자리 다른 올라 자리 어서 긍까 자기 입장 에선 그게 근데 자기 먼저 그렇게 언니 한테 약간 얘길,0,"It's six or six or now, but it's a baby, but it's an adult.",korean
사이트 라고 혹시 계십니까 자주 신다면 습니까 사용 사이트 계시 물품 등록 판단 명목 사용 해서 소비자 에게 물건 보내 잠깐 대부분 으로 신고 접수 반말 동시 고소 고발 취할 밖에 상황 습니다 내용 오늘 모르 신다 보내 드렸 직접 으로 대단 사실 조차 다고 말씀 15,1,"If you are a site, you can use it often.",korean
어디 냐고 아니 아니 아까 그거 암사 암사 어쨌든 거기 보고 근데 태어나 처음 몰라 들어가 니까 멀리 니까 그래 다행이 요즘 뭔일 다쳤 그래 갑자기 니까 뉴스 아니 방금 들어왔 느냐 그래 니까 암사역 칼부림 일어났 그래서 찾아보 니까,0,"Where's it, it's a rock, but it's a rock, but I don't know the first time.",korean
여쭤 볼게요 혹시 라는 사람 거나 계십니까 아니 정이 라고 전혀 모르 사람 에요 사람 대해서 여쭤본 얼마 저희 검찰청 수사 에서 중심 으로 금융 범죄 기단 어요 검거 당시 현장 에서 대량 신용 카드 대포 통장 보안 카드 압수 압수 물품 명의 본인 관련 사건 대해서 연락 드렸었 혹시 라는 사람 계십니까 아니 라는 사람 전혀 모르 세요 전혀 몰라요 사람 대해서 여쭤본 얼마 저희 검찰청 수사 중심 으로 금융 범죄 기단 검거 들어왔 어요 그런데 검거 당시 현장 에서 대량 신용 카드 대포 통장 보안 카드 압수 압수 물품 명의 우리 하나 계좌 대포 통장 으로 발견 어요 본인 대포 통장 무엇 계십니까 걸로 통장 발급 다는 아니 에요 그래서 2016 12 경기도 광명시 에서 계좌 개설 사용 니까 직접 개설 셔서 다른 타인 에게 양도 매매 건지 아니 아니 야요 그런 아니면 본인 개인 정보 유출 인해서 지금 명의 도용 당하 피해자 신지 확인 조사 어요 본인 그러 아시 사실 다는 겁니까 버리 거든요 언제 분실 어요 기억 난다고 버려 정도 예요 일단 저희 본인 어느 정도 피해자 다만 피해자 입증 시켜 드릴 증거 자료 때문 연락 드린 만약 게서 명의 도용 당하 피해 자시 다면 조사 간단 저희 확인 조사 전화 드린 겁니다 그러면 수사 절차 질문 드릴 니까 질문 간단 아신다 모르 모르 신다 진술 간단 돼요 모든 조사 과정 녹취 로서 진행 녹취 증거 자료 본인 피해 입증 으시 채택 부분 때문 증거 자료 로서 거짓 증언 십니다 절대 그리고 삼자 목소리 잡음 들려오 증거 자료 채택 으로서 효력 으니까 부분 주위 세요 그리고 혹시 메모 십니까 메모 해요 메모 하나 어요 우선 본인 사건 번호 불러 드릴 건데 사건 번호 2017 조사 5027 안건 에요 본인 사건 번호 신데 지금 부터 질문 드릴 니까 본인 께서 사실 대로 말씀 진술 부탁 드리 습니다 서울 중앙 지검 첨단 범죄 수사 김현수 수사관 라고 해요 어야 에요 아니 아니 정도 기억 본인 으시 전라도 광주 출신 32 여성 인데 라는 사람 계십니까 아니 몰라요 라는 사람 전혀 모르 저희 압수 계좌 불법 현장 에서 발견 사용 때문 본인 명의 지만 본인 동의 없이 규정 동결 처리 시켰 습니다 동결 처리 무슨 인지 아요 혹시 모르 어요 사용 못하 도록 지급 정지 사용 정지 시켰 다는 인데 그래서 부분 대해서 전혀 으십니까 죄송 한데 잠시 지금 솔직히 잡음 들어왔 어요 피해자 그래서 실례 된다면 어디 신지 잠시 여쭤봐도 될까요 지금 어서요 잠시 조용 으로 십니까 잠시 어요 만약 증거 자료 로써 채택 위해서 현재 목소리 들려오 효력 때문 말씀 드린 사기 그럼 일단 저희 압수 통장 동결 처리 부분 라는 무슨 인지 그럼 본인 직접 개설 해서 사용 계시 금융 으실 예요 사용 정상 금융 제외 저희 압수 우리 하나 처럼 모르 다른 금융 다른 계좌 추가 으로 발견 된다면 전부 불법 자금 통장 으로 관주 동결 처리 들어갈 겁니다 부분 대해서 동의 어요 그럼 금융 대해 여쭤볼 건데 앞서 말씀 드렸 다시피 공공 기관 에서 개인 정보 계좌 번호 비밀 번호 절대 요구 습니다 말씀 다만 사용 금융 으시 다면 어떤 어떤 금융 사용 지만 간단 진술 국민 국민 지금 어요 다른 금융 전혀 으시 지금 아요 저희 다른 금융 대해서 저희 모든 조회 예요 금융 감독원 에서 본인 께서 모르 다른 금융 계좌 추가 으로 발견 된다면 전부 불법 자금 통장 으로 간주 동결 처리 들어갑니다 그러면 본인 께서 피해 습니까 혹시 어요 그럼 국민 제외 동결 처리 해도 어요 국민 경우 개설 지역 어디 신지 기억 십니까 대전 대전 지역 으시 그럼 사용 구좌 여러 예요 여러 여러 어요 여러 용도 어떤 용도 어서 입출금 예금 적금 펀드 마이너스 통장 여러 그냥 입출금 예금 적금 입출금 대략 으로 정도 어요 하나 입출금 하나 예금 경우 예금 예금 으로 그럼 일단 진술 내용 국민 입출금 계좌 하나 예금 계좌 계좌 제외 다른 금융 본인 명의 다면 전부 동결 처리 들어갑니다 아까 메모 사건 번호 지금 계십니까 잠시 사건 번호 혹시 메모 으신지 메모 으시 본인 사건 관련 사건 번호 불러 드렸 사건 으로 인해서 본인 께서 명의 도용 당하 피해 자시 피해자 신분 조사 으셔야 다고 말씀 드린 구요 수사 절차 간단 지금 질문 드렸 진술 어요 네네 사건 번호 따른 본인 담당 검사 잠시 연결 시켜 드릴 예요 담당 검사 본인 사건 번호 본인 성함 잠시 말씀 무고 피해자 다면 피해 입증 조사 간단 어요 지금 전화 검사 아니 세요 수사관 에요 김현수 수사관 메모 라고 검사 지시 질문 드린 사건 대해서 말씀 드린 어요 그럼 검사 잠시 연결 시켜 드릴 니까 전화 잠시 기다려 본인 성함 사건 번호 말씀 셔야 돼요 그리고 메모 세요 본인 담당 수사관 김현수 라고 합니다 습니다 수고 어요 잠시 기다려 세요 검사 연결 시켜 드릴게요 여보세요 안녕 세요 전화 연결 습니다 메모 면은 메모 담당자 서울 중앙 지검 첨단 범죄 수사 일부 팀장 정우석 입니다 첨단 범죄 수사 일부 최첨단 첨단 검사 정우석 입니다 정우성 아니 정우석 예요 사건 번호 혹시 전달 으신 습니까 사건 번호 입증 습니까 2017 조사 5027 안건 잠깐 5027 안건 전달 으셨고 본인 으시 우선 수사 기록 면은 저희 에서 작년 부터 10 까지 차례 정도 연락 드렸 부재 지금 나와 네요 혹시 025303114 내선 번호 사건 고지 전달 위해서 연락 드렸 025303114 모르 어요 혹시 업무 많이 바쁘 셔서 으신 건지 아니면은 모르 전화 생각 보이스 피싱 금융 사기 전화 생각 지금 전화 으신 건지 현재 지금 사건 고지 전달 거든요 오늘 녹취 단말 기록 행정 복귀 절차 14 근거 사건 고지 전달 매수 사장 께서 드렸 오늘 취후 통첩 예요 저희 사고 최후통첩 오늘 저희 지금 검찰 에서 으로 분안 조사 지금 들어간 조금 어떤 때문 분안 조사 들어갔 녹취 조사 라고 유선 으로 약식 으로 조사 지금 진행 인데 어떤 때문 지금 본인 으로 검찰 조사 들어갔 습니까 대포 통장 그거 때문 대포 통장 그거 때문 지금 그렇게 계시 예요 지금 본인 주장 대로 단순 본인 통장 개설 사실 명의 도용 당해 피해자 라고 주장 라면은 단순 생각 습니다 해서 잠시 단순 생각 대한민국 모든 본인 신분증 지참 해야 지만 통장 개설 된다는 원칙 계실 예요 지금 해야 업무 전활 으셨 습니까 지금 많이 바쁘 세요 지금 10 정도 바쁘 다시 괜찮 거든요 그래요 많이 밀렸 그러면은 지금 현재 녹취 부분 예요 통화 어느 정도 유지 돼서 전체 내용 대해서 전달 드려야 우선 으로 통화 유지 법원 제출 해야 돼요 통화 기록 검찰 조사 다는 얘기 항고 세요 항고 해야 될지 말씀 드릴 니까 일단 본인 무작정 저희 공무원 으로서 본인 입장 무조건 진행 아니 어느 정도 입장 때문 통화 유지 잠깐 업무 나오 마시 왜냐면 녹음 녹취 기록 법원 제출 해야 올게요 지금 그러면은 나오 셔서 조용 으로 셔서 한테 말씀 주세요 조치 대해서 말씀 드릴게요 본인 한테 중요 사향 때문 습니다 기다리 습니다 여보세요 업무 습니까 바쁘 신데 우리 본인 입장 아니 해야 때문 한테 조금 그런 부분 오늘 조사 본인 권리 하지만 검찰관 집무 행법 따라서 사건 고지 전달 저희 에서 드렸 때문 만약 오늘 피해자 입증 담당 검사 로써 피해자 입증 된다 라면 다음 목요일 공판 습니다 5027 안건 대한 일차 공판 다는 예요 재판 얘긴데 만약 오늘 피해자 입증 면은 다음 공판 무조건 출석 셔야 됩니다 출석 요구서 발행 예요 집행 에서 한테 우선 으로 지금 용의자 선상 올려 져서 지금 조사 아니 형사 소송법 455 의거 사건 사례 따라 약식 기소 결정 할지 정식 기소 결정 할지 사건 대해서 담당 검사 기소 일차 으로 붙여야 사항 입니다 현재 지금 경우 약식 기소 관련 해서 지금 사건 자체 분류 담당 검사 소견 으로 분류 건데 내용 지금 대포 통장 라고 주장 통장 발급 통상 에서 통장 발급 으려면 신분증 어야 본인 그런데 불구 사건 에서 통장 타인 에게 다고 주장 습니다 습니까 현재 저희 본인 으로 임의 동행 대신 해서 분안 조사 그리고 분안 조사 녹취 조사 통해서 검사 한테 피해자 입증 돼야 여기 대해서 간단 전달 드릴 겁니다 2017 13 입니다 주범 으로 구성 금융 범죄 기단 검거 면서 현장 압수 물품 대포 통장 압수 조치 습니다 저희 압수 물품 조사 과정 명의 우리 하나 통장 압수 확인 조치 문제 부분 통장 단순 개설 아니 범죄 수입금 세탁 목적 으로 다는 겁니다 물론 증거 자료 라든지 기록 때문 본인 한테 분안 조사 들어간 부분 고요 물론 저희 확인 시켜 드릴 예요 무작정 진행 아니 따라서 통장 실질 으로 입금 현재 계시 통장 으로 인해서 금전 으로 피해 김광석 62 께서 통장 명의 주인 으로 고소 고발 까지 접수 사건 입니다 사안 때문 현재 지금 5027 안건 대한 사건 지금 법정 명령 부과 물론 법정 명령 공문 내용 확인 시켜 드릴 예요 중요 사항 대해서 지금 바로 본인 에게 확인 시켜 드리 본인 또한 사건 에서 본인 입장 에서 개인 정보 유출 으로 피해자 라고 주장 라면은 절차 따라서 피해자 입증 접수 드릴 겁니다 담당 검사 일차 통화 기록 카카오톡 문자 내용 모든 기록 전혀 상관 연관 습니다 용의자 그리고 황인철 조태수 사람 지금 저희 한테 21 검거 지금 통화 기록 내역 전혀 어요 문자 기록 고요 지금 지금 사건 명의 도용 당한 피해자 저희 현재 기록 다음 공판 피해자 라고 합리 시켜 드릴 어요 상대측 변호인 에게 따른 내용 증명서 필요 한데 저희 실질 으로 명의 통장 입금 통장 범죄 수익금 세탁 목적 으로 사용 때문 문제 된다는 겁니다 해서 오늘 내용 증명서 본인 약식 대한 조사 진행 도와 드리 내용 증명서 법원 제출 서류 어야 물론 서류 녹취 파일 그만큼 중요 때문 본인 조사 내용 통화 유지 라고 말씀 드린 예요 네네 그리고 본인 주변 사람 한테 항고 얘기 드렸 냐면은 지금 현재 개인 정보 유출 으로 지금 조사 진행 때문 혹시나 개인 정보 주변 인물 통해서 직장 내부 에서 최초 유출 라면 유출 경로 대해서 정확 파악 바로 아야 저희 해야 입니다 오늘 피해자 입증 더라도 다음 목요일 본인 공판 참석 신다 더라도 추후 다시 발생 면은 생활 굉장히 힘들 다는 예요 그래서 저희 수사 필요 다면은 본인 직장 내부 까지 저희 조사 간다는 내용 니까 일단 수사 과정 조사 과정 혼선 내용 입니다 얘기 마라는 아니 에요 오해 마시 현재 지금 거주 지역 지금 대전 지금 거주 세요 경기도 광명 사람 습니까 전혀 습니다 으시 지금 같이 아니 때문 형사 사법 절차 전자 촉진 시행령 18 근거 법원 명령서 지금 부과 드릴 건데 본인 한테 얘기 드리 면은 어떻게 본인 한테 강요 라든지 라든지 본인 한테 설득 어요 그래서 그런 내용 다는 원리 원칙 규정 방침 때문 명령서 바로 지금 보내 드릴 건데 지금 혹시 지금 외부 나와 계시 때문 인터넷 사용 만약 사무실 들어가 인터넷 사용 된다 라면 주변 사람 같이 공유 상황 입니까 왜냐면 저희 증거 자료 라든지 국가 공문 공개 특급 사건 법원 명령 법원 공문 본인 으로 발행 때문 전자 수집 인지 저희 확인 본인 전달 드리 위해서 말씀 드리 건데 아무래도 공문 경우 본인 제삼자 공유 신다 본인 캡쳐 신다 다면 굉장히 조사 과정 공문서 위조 혐의 까지 적용 어요 조세법 처벌 해당 때문 미리 상황 말씀 드린 그러 주변 사람 같이 공유 상황 얘기 지금 사무실 들어가 면은 그렇 다면 휴대폰 스마트 면은 통화 유지 면서 혹시 인터넷 습니까 스피커 셔야 그렇게 면은 지금 아니 그냥 지금 해도 들려요 괜찮 습니까 그러면은 형사 사법 절차 전자 촉진 시행령 18 근거 해서 2018 02 01 오전 기준 으로 해서 집행 명령 발표 건데 법원 제출 겁니다 법원 제출 건데 지금 현재 같이 아니 때문 아까 저희 대검찰청 보안 아이피 직접 접속 사건 고지 전달 다는데요 법원 명령 다는 내용 증거 자료 채택 예요 원리 원칙 대로 저기 인터넷 사파 리창 아무거 http www 주소창 보이 겁니다 보이 십니까 주소창 전부 으로 만들 습니까 으로 만들 어요 만드셨 습니까 그러면은 거기 면은 주소창 지금 시간 때문 주소창 면은 30 숫자 39 으시 39 39 그리고 으시 그리고 46 46 그리고 197 세요 197 마지막 습니다 그리고 버튼 눌러 눌러 면은 본인 지금 기준 으로 해서 서울 대검찰청 중앙 지방 검찰청 접속 기록 사이버 수사 확인 예요 본인 직접 접속 다는 내용 접속 습니까 접속 으면 접속 다고 말씀 종합 해서 말씀 드릴게요 http 지워 홈페이지 어요 홈페이지 접속 습니까 지금 사용 휴대폰 010 으로 본인 연동 시켜서 접속 기록 저희 어야 겁니다 휴대폰 으로 접속 으시 잖아요 저희 입장 에서 검찰관 집무 행법 항이 라는 명령 때문 사건 고지 전달 드려야 의무 습니다 설명 드리 보다 5027 안건 대한 법원 명령서 공문 본인 한테 전달 절차 때문 증거 자료 또한 전달 드렸 본인 혹시나 추후 조사 피한다 거부 신다 라면 담당 검사 한테 본인 하소연 에요 거기 면은 사건 조회 라고 파란 네모 박스 에요 중간 면은 박스 건데 네모 겁니다 면은 사건 조회 라는 파란 박스 으실 예요 보이 십니까 로그인 라는 사건 조회 저기 클릭 습니까 같이 아니 때문 같이 진행 도와 드릴게요 지금 경우 저희 검찰 공무원 아니 검찰 조사 기록 전혀 습니다 따라서 비회원 로그인 으로 본인 실명 확인 로그인 면은 5027 안건 대한 사건 번호 연람 예요 그러면은 죄송 한데요 시간 서요 시간 라서 무슨 전화 다는 겁니까 지금 어야 거든요 조사 다는 네요 다시 전화,1,,
약간 병장 선진 병영 해서 에서 난리 병장 그런 해라 물론 끝날 까지 그런 완전히 사라지 지만 사라져야 단계 그러 니까 자연 스럽 다닐 물론 당연히 그랬 어야 지만 그런 으로 봐서 차이 엄청 느꼈 차이 세대,0,"It's a bit of a soldier's advanced barracks, and it's like that.",korean
그게 인지 모르 니깐 그니까 나오 면서 무서운 보다 자체 무섭 다는 강하 잖아요 근데 그게 윈지 모르 무지 사람 나오 행동 아요 그러니까 그런 약간 그러 몰라 그런 무서워 근데 언니 귀신 다는 눌릴,0,"I don't know if it's a stronger than scary, but it's stronger than scary.",korean
현재 본인 계좌 앞선 계좌 추가 발견 상황 라서 부분 확인 위해서 금융 관련 질문 드릴 예요 현재 사용 계시 다면 상호 명만 말씀 어요 계좌 어떤 형식 으로 개설 습니까 그러면 통장 계좌 계좌 시간 금액 어느 정도,1,"Currently, I will ask for a financial question to check the part of the account ahead of the account.",korean
그래서 유튜브 노래 재즈 음악 면은 보통 재즈 선곡 30 40 시간 시간 짜리 플레이 노래 면은 10 30 노래 중간 그럼 그거 어떻게 아서 그것 따로 거든 그렇게 한번 면은 노래 들릴 아마 마음 취향 노래,0,So the YouTube song jazz music side is usually a jazz selection 30 40 hour play song noodles in the middle of the 10 30 song.,korean
조금 외로워 그런 사람 사람 증권 관련 돼서 아버지 사람 자기 아버지 정도 밖에 애서 자기 엄마 자기 맨날 외톨이 처럼 여행 다니 그래서 자기 아빠 별로 왜냐면 시간 보내 많이 시간 많이 같이 줘서 그래서 그런 사람 시간 보내 어려운,0,"It's a little lonely, so I'm related to people's securities.",korean
오빠 한테 연락 전화 갑자기 뜬금없이 그래서 지금 어머님 부모 수유 계신다고 그러 근데 오빠 원래 목포 사람 잖아 목포 엄청 유명 빵집 하나 거기 올려고 다가 정기 휴일 근데 부모 그걸 수유 올라올 오신 준다고 수유 에서 기다리 계신 어떡 그럼 당장 그래서,0,"I suddenly have a call to my brother, so I'm lactating my mother's parents now.",korean
미간 찢어졌 사람 자리 사람 왠지 모르 인데 사람 조차 모르 그냥 사람 그러 길래 고개 그서 요쪽 자리 잖아 여기 사람 한테 그러신 냐고 그랬 더니 아니 누가 다쳤 봐요,0,"It's been torn for somehow people, but even people don't know people.",korean
댓글 언니 근데 한테 사귈 그런 했었 거든 자의 타의 주변 여자 남자 어떠 냐고 물론 얘기 라고 한테 그랬 거든 그러 면서 사람 잖아 잖아 언니 그래서 댓글 엄청 그러 본인 아닌데 그러 너무 심하 그런 부터 시작 해서 댓글 장난 아니 싸워 근데 그래서,0,"Comment My sister, but I had to do that, but of course, I was told to tell you how the girls around me.",korean
아니 장기 알려준 선생 텃밭 꾸미 면서 텃밭 엄청 혼자 텃밭 초등 학교 텃밭 으면 거의 선생 거든 거기 상추 키우 배추 키우 그러 다가 에서 쌈장 쌈장 우리 급식 상추 에다 으라고 나눠 고추 키워 고추 어다가 으라고,0,"No, the teacher's garden that I told you that the garden was very long, but if you were a garden garden, it was almost a teacher.",korean
근데 원래 만나 거든 지금 22 스물 니까 횟수 고등학교 졸업 만나 20 스무 만나 21 스물 만나 22 스물 만나 으로 채워서 만난 건데 그게 어떻게 만났 냐면 니까 생일 계속 정기 으로 계속 만났,0,"But I met you, but now it's twenty -twenty, so I met 20 high school graduates, met twenty, 21, and I met with 22 twenty -twenty -twenty -twenty -two.",korean
근까 단계 에서 거의 머무 경우 대는 학원 다니 다가 학원 거의 중간 중간 중간 에서 레벨 해서 새로운 줘야 줘야 그게 다고 얘길 더라고 그러 면서 리시 선생 선생 영어 학원 자주 옮기 별로 다고 얘길 그러 더라고 그렇게 얘길 더라고 근데 승준 여기 적응 개월 개월 레벨 하나 돼서 되게 더라고,0,"If you stay almost in the stage of nearby stage, you have to go to the school and give a new level in the middle of the school.It was very",korean
소윤 한테 먼저 얘기 먼저 얘기 면은 소윤 자기 언제 든지 오케이 니까 연경 한테 허락 와라 그러 면은 처음 그랬 처음 소윤 한테 연경 한테 소윤 그냥 언제든지 오케이 날짜 해라 니까 연경 한테 먼저 얘길 소윤 연경 한테 먼저 해야지 연경 오케이 면은 들어가 니까 연경 한테 얘길,0,"First of all, I talk to Soyun first, so I am allowed to Yeon -kyung.Talk to Yeonkyung",korean
왜냐면은 바뀔 건데 사람 많이 인제 하지만 우리 그래도 관리 해야 왜냐면 들어와 새로운 들어왔었 거길 보내 줘야 관리 어느 정도 보내 잖아 그니까 인제 어라 인제 진짜 포만 말년 진짜 근데 엄청 더라고 아니 근데 솔직히 말년 잖아,0,"Because it's going to change a lot, but we still have to manage it, but because we have to come in and come in a new thing, I have to send it to me.",korean
모른대요 목욕탕 진정한 라는 고객 부탁 다고 농협 통장 주민 등록증 셔서 통장 아니 그거 와요 지금 거기 붙여 버려 다고 아니 에요 엄마 주민 등록 거든요 뭔가 잘못 와서 해서 거기 부탁 문자 다고 맛있 고객 통장 주민 등록증 셔서 대리 현금 인출 그러 세요 저희 지금 지금 잠시 여기 후예 동남쪽 으로 세요 한테 주세요 습니다 어요 저희 경찰서 에서 지금 경찰서 신고 드렸 습니다 감사 합니다 그리고 지금 지금 고객 께서 지하실 던전 모른다고 소년 고객 최근 주민 등록증 에어컨 분실 우리 드릴게요 정도 그렇다면은 지금 정민 으니까 일단 전화 메모 빌려 드릴 니까 고객 께서 확인 때리 돌려 드리 습니다 잠시 잠시 다시 확인 니깐 지금 진짜 대요 지금 주민 번호 앞자리 샌드 지금 울산 부산 에서 으셔 고객 마시 고요 국민은행 위치 괜찮 다고 송금 아저씨 궁금 으셨 나요 잠시 뭔가 잠시 무슨 십니까 바보 그럼 어떻게 습니까 습니다 지금 지금 직원 께서 지금 경찰서 신고 해야 다고 신답니다 그리고 제일 김재원 시간 엄마 통장 대해서 진행 드리 습니다 감사 합니다 부탁 드리 습니다 확인 지금 농협 통장 으로 2014 711 혹시 고객 께서 으니까 만들 습니다 지금 아니 지금 너무 통장 결제 으시 사용 신다고 다고 고객 께서 경우 으니까 충주 사용 그렇다면은 지금 고객 께서 지난달 통장 습니까 그리고 그래 여성 농협 계좌 860 입금 입금 분야 시간 농협 계좌 860 입금 고요 860 현금 인출 습니다 입금 혹시 그렇 다는 입금 모르 출근 모른다 근데 누군지 아요 아마도 김재원 어디 개인 정보 동행 성당 으로 만들,1,"I don't know, I ask for a customer, but I'm not a bank account for the resident registration card.For a while here, please go to the southeast of descendants. Huh, our police station has reported the police station now.I will hit you for a while. I check it again for a while. Now, I'm really in front of the social security number Sand now in Ulsan Busan.I'm going to report the police now and I'm going to report it. I'm going to proceed with my mother's bank account. Thank you.If you use Chungju, is it now last month's bank account and women's agricultural cooperative account 860 deposit deposit deposit account 860 deposit) 860 cash withdrawal.",korean
여보세요 우리 금융 인데요 대출 필요 으시 우리 금융 우리 금융 금융 에서 대출 나요 그러 금융 인데 대출 요즘 전화 으로 세요 우리 금융 에서 바로 예요 그렇 저희 에서 바로 드리 지점 어떻게 건가요 그러 서울 어요 서울 서울 서울 어디 으세요 의심 스러우 해도 상관없 어요 그러니까 서울 어디,1,"Honey. Woori Financial Group is a loan.Oh, so where you are in Seoul",korean
근까 소개 으러 입장 인데 들러리 약간 꺠네끼리 친한 친구 끼리 모였 으니까 꺠네끼리 약간 대화 에서 그냥 맞장구 그게 너무 힘든 친구 친구 하고 재밌 얘기 시간 시간 처럼 상견례 아니 자기 끼리 얘기 자기 끼리 추억 얘기 고등학교 그때 면서 심지어 꺠네 중고 같이 나왔,0,"I was in a position to introduce myself, but the bridesmaids were a little bit close to each other.",korean
계셨 다가 지금 진행 빨리 면은 저희 오후 정도 또는 마감 까지 작업 으십니까 먼저 으시 보이 으시 다른 마시 고요 계시 지금 자금 나오 바로 한테 바로 연락 주세요 고객 습니다,1,"After that, the noodles are working until the afternoon or the deadline.",korean
그래 학원 들어갔 1500 필요 1500 1500 어요 어요 으면 전화 찾아갈 아줌마 한테 전화 전부 인간 으로 전화 겁니다 해치 그치 에서 신고 들어가 거나 시킨 대로 그때 죽인다 1500 전부 현찰 위치 습니다 시키 단계 단계 움직여 준비 라면 으로 된다 먼저 어딘지 필요,1,"Yes, I went to the school 1500 1500 1500, and if you want to call all the calls to the phone.",korean
차라리 수학 생각 보다 한데 수학 계속 과외 면서 그런 너무너무 한데 지금 지금 전공 자체 거의 암기 암기 암기 니까 되게 흥미 많이 떨어져 정말 대충 수업 시간 맨날 만지 그냥 그냥 맨날 뒷자리 에서 계속 만지 다가 하루 그럼 과외 거나 마시 거나 그래서 엄청 지금 그런 때문 걱정,0,"I'd rather have mathematics than I thought, but I'm so excited about my mathematics, but now it's almost memorized memorization because it's a memorization memorization, so it's very interesting.Worry",korean
지금 통장 커버 내용 저희 식품 으로 확보 상태 인데 니깐 명회 제공 건지 명의 도용 당하 저희 확인 위해서 전화 드렸 습니다 질문 데리 사건 내용 말씀 드리 도록 할게요 오늘 혹시 경기도 수원시 팔달구 거주 40 남성 김태환 라고 입니다 모르 십니까 그렇 다면 최근 지갑 라던지 신분증 여권 휴대폰 본인 개인 정보 유출 물건 보이 더라 습니까 아이디 해킹 당했 거나 해외 에서 카드 사용 따로 연락 으신 독서 으셨,1,"Now, I have secured it as a food book cover.ID passport mobile phone, personal information leakage, ID hacked ID or I read a card separately from overseas",korean
근데 요즘 ssd 에스에스 슬롯 하드 슬롯 따로 나오 잖아 그서 사실 그때 당시 비용 문제 때문 하드 디스크 넜었는데 근데 ssd 에스에스 부팅 니까 아무래도 속도 에서 확실히 월등 더라고 그래서 보조 하드 디스크 드라이브 으로 더라도 드라이브 ssd 에스에스 굉장히 괜찮,0,"But nowadays, SSD S Slot Hard slot comes out separately.",korean
여보세요 근데 지금 와서 웃기 지만 지금 와서 웃기 지만 확신 될까요 그러니까 어떤 진짜 검찰 진짜 절차 진행 겁니까 그런 뭔가 확신 그냥 어요 그건 에서 본인 한테 수사관 보낸 예요 무서워요 누가 무섭 무섭 다고 무섭 무서워 합니까 아유 힘들 힘들 어요 본인 마음 니까 으니까 지금 엄청 힘들 거든요 그래도 지금 계속 피해자 위해서 조사 진행 부분 라서 힘드 니까 협조 예요 본인 한적 공간 으로 나요 대화 내용 니까 핸드폰 번호 놨는데 그건 뭔가요 핸드폰 번호 으라고 던데요 지금 본인 직책 성함 어떻게 됩니까 수사 진행 어요 수상 질문 어요 딱히 여보세요 여보세요 건사 대하 으세요 아니요 전화 십니까 라도 계속 너무 으로 본인 께서 조그맣 얘기 니까 들려요 어떻게 으셨어요 본인 자산 똑같이 그냥 똑같이 그렇게 까지 밖에 던데 그러니까 오만 그렇게 까지 천만 본인 오만 발행 셨잖아요 육천 바꿔야 본인 어디 바꾸 예요 주변 다른 나요 모르 여보세요 여보세요 지금 주변 주변 라고요 본인 께서 여보세요 여보세요 근데 잖아요 어디 모르 어요 어요 보이 보이 그러면 주변 검사 으로 써서 습니다 일단 그렇게 본인 오만원 으면은 지금 오만원 하고 다음 만약 아요 그러면 오만원 으로 최대 까지 한도 까지 오만 으세요 그러 나머지 본인 달러 바꾸 셔도 상관 으세요 무슨 인지 아요 그렇게 현금 으로 진짜 그게 기록 아요 어떤 기록 그런 뽑아낸 기록 아니 에요 그게 무슨 에요 으면은 기록 텐데 결국 다시 어차피 다시 본인 으로 들어가 아니 그렇 기록 기록 어떻게 합니까 본인 기록 으면은 벌써 진작에 오래 걸리 수사 본인 검사 힘들 거든요 그니까 같이 힘든 마당 힘냅시다 파이팅 합시다 걱정 니까 그렇 어떻게 솔직히 약간 당한 에요 누가 지금 그런 생각 계세요 그런 생각 밖에 아요 그런 마음 그런 생각 필요 어요 본인 그래서 밖에 본인 위해서 본인 그런 생각 그러 조사 진행 라고요 아니 그건 아니 지만 그거 대한 확신 지금 확신 그럼 지금 검찰청 으로 나오 실래요 지금 그럼 주소 받으 실래요 아니요 검찰청 본인 다고 해서 아니 에요 어요 본인 계속 그렇게 의심 면은 검사 조사 진행 해요 힘들 어요 검사 오늘 어떻게 그러 그렇 잖아요 그렇게 어떻게 그런 대한 확신 어요 본인 문장 보여 드렸 그렇 지금 정신 어서 본인 정신 본인 사건 연류 다는 확인 그죠 그거 확인 검사 소속 얘기 어요 얘기 본인 문장 보여 드렸 여기 확신 드리 확신 드려야 된다면 본인 저희 검찰청 으로 나와서 조사 으면 돼요 그죠 그렇 습니까 그니까 검사 검사 본인 해서 마무리 자고 빨리 검사 빨리 퇴근 해야 아니 에요 벌써 퇴근 세요 아니 다가 수사 오래 걸리 면은 퇴근 해요 밤새 본인 조사 진행 해야 시간 동안 검찰청 에서 동안 동안 검사 면서 본인 조사 진행 해야 된다고 힘들 어서 무슨 인지 본인 지금 현대 백화점 까지 어요 어디 현대 백화점 현대 백화점 맞은편 골목 으로 내려가 거리 잖아요 금호 아파트 거기 너무 먼데 그쪽 으로 와서 근데 그쪽 CBS 어요 CBS 보이 지금 우리 보여요 우리 본인 거기 오만원 2000 으면 2000 아요 그러면 천만 잖아요 천만 어차피 내일 여행 신다 면서 그니까 일단 여행 자금 위해서 천만 달러 바꾼다고 세요 그냥 굳이 달러 오만 오만원 으로 바꿀 으면 바꾸 세요 상관 어요 달러 바꾸 본인 최대한 빨리 입증 도와 드리 위해서 빨리 바꾸 라는 달러 그거 으니까 갈러 돼요 시간 조금 걸릴 시간 어요 정도 소요 된다고 거나 시간 정도 검사 임해 준다고 정도 기다릴 잖아요 어차피 입증 그러니까 일단 6000 지금 본인 주머니 수표 오만원 으셨고 6000 자산 에서 오만원 으로 까지 나머지 달러 바꾸 세요 그럼 어요 어요 들려요 지금 화내 겁니까 아니 지금 들리 냐고 들리 네요 살짝 들려요 죄송 합니다 죄송 고요 들려서 본인 한테 계속 여보세요 예요 그니까 필요 본인 피해자 입증 위해서 도와 드리 아무리 짜증 죄송 해요 죄송 마지막 에요 끝나 니까 지점 봐요 지금 어디 들어갔 어요 아직 들어갔 어요 본인 들어가 아요 들어가 지금 우리 무슨 지점 에요 잠깐 아직 완전히 들어가 아직 도착 아직 도착 어요 그래 검사 얘기 줄게 아직 도착 그죠 도착 들어가 점명 개인 말씀 들어가 본인 여기 우리 들어가 끝내 잖아 그죠 목소리 어요 조사 불편 그러니까 힘들 어도 조금 내자 얘기 여보세요 우리 오만원 얼마나 까지 달라도 바꿔 세요 라고 세요 그러면 최대한 그러 끝나 니까 무슨 지점 목동 목동 지점 목동 지점 그렇게 돼요 만약 어서 달러 바꿨 라로 바꿔 준다 그러 바꾸 세요 달러 바꾸 그리고 나와서 자산 본인 으시 겁니다 거기 바로 으면 의심 니까 무슨 인지 어요 직책 성함 말씀 나와서 마지막 업무 나오 세요 그러면 니까 여보세요 잠깐 나와서 으라고요 아니면 거기 빠르 던지 나와서 던지 세요 본인 최대한 제삼자 삼자 쳐다 잖아 그죠 창고 공범 인지 아닌지 검사 아직 모르 공범 으니까 최대한 신속 해서 셔서 해서 본인 한적 으로 해서 습니다 라고 잖아 금융 감독원 대리 과장 만나 만나 원상 복구 처리 본인 오늘 피해자 보상금 1000 아야 아니 에요 그거 까지 해서 서류 서류 해서 예요 그럼 오늘 끝나 예요 세요 여보세요 된다는 자기 아니 그래요 자기 아니 답니까 그럴 라던가요 된다 던가요 자기 아니 된데요 수수료 그런 수수료 된다고 그래서 그냥 나왔 어요 수수료 으니까 본인 지금 수수료 문젭니까 수수료 청구 면은 드리 수수료 때문 나오 어떡 합니까 그래요 그죠 지금 아니 지금 지금 아직 조사 다고 지금 느껴 지나 봅니다 아니 지금 수수료 때문 나오 어떡 합니까 아니 근데 봐요 아니 죄송 합니다 수수료 외우 다가 수사관 한테 드리 니까 빨리 빨리 끝내 나와야 아니 세요 습니까 그리고 힘들 더라도 힘냅시다 검사 음성 높이 본인 한테 최대한 습니까 그니까 본인 께서 자꾸 그럼 검사 힘들 어요 그니까 최대한 힘들 더라도 최대한 힘내 빨리 끝냅시다 여보세요 습니까 어요 얼른 들어가 나오 세요 다른 그래서 어요 다른 상관 으니까 아니 다른 지점 어떻게 돼요 하나 하나 목동 방송 타운 지점 어요 저기 들어가 지금 들어가 수수료 본인 께서 외우 계셨 다가 나와서 한적 공간 에서 검사 한테 세요 그럼 청구 해서 본인 드릴 니까 지금 지금 수수료 걱정 냐고 본인 지금 피해자 입증 제일 중요 부분 수수료 걱정 어떻 해요 얼른 세요 여보세요 어요 여요 정신 어서 그럼 잠시 아서 차분 잠시 으실 래요 그러면 대답 해야지 대답 대답 본인 조금 힘내 여보세요 조금 라고요 여보세요 어요 일단 녹취 진행 니까 전화 바로 할게요 들어가 마세요 들어가 녹취 진행 니까 들어가 마시 라고 여보세요 된데요 지금 국민 행가 해야 한다는 지금 국민은행 습니까 여기 행복 세상 본인 업무 목소리 그렇게 걸로 라고 세요 지금 어요 더이상 그런 걸로 얘기 그니까 마지막 으로 본인 한테 말씀 드리 힘내 금방 끝나 니까 시간 시간 그니까 본인 최대한 피해자 입증 빨리 완료 확정시 평상시 돌아가 야지 수사관 지금 수사관 김민수 수사관 에요 김민수 수사관 금융 감독원 에서 김준우 대리 에요 김준우 대리 께서 건데 김준우 대리 께서 면은 서류 겁니다 그거 검사 조금 다가 말씀 드릴 예요 설명 드릴 본인 김민수 수사관 잖아요 잠시 다시 세요 그니까 김준우 대리 라고 김준우 대리 금융 감독원 에서 예요 그러면 서류 검찰청 서류 등록 시켜야 지만 검찰 수사 어요 서류 내용 검사 드릴 예요 드리 만나 최대한 빨리 끝내 수사관 만나 모든 원상 복구 처리 부분 수사관 김민수 수사관 예요 김민수 수사관 원상 복구 처리 잖아요 본인 으로 들어가 적금 처음 날짜 원상 복구 처리 확인 수사관 본인 대학교 어딘지 예요 그럼 대학교 겁니다 대학교 발생 해서 협조 본인 아무런 문제 없이 마무리 수사관 도와 겁니다 도착 나요 목동 중앙 목동 중앙 지점 본인 들어가 그니까 들어가 마무리 일단 최대한 까지 나머지 나와서 말씀 으면 1000 정도 아요 그죠 그러니까 일단 달러 아서 어떻게 나와서 힘드 니까 진행 드릴게요 힘드 니까 절대 김준우 대리 께서 본인 으로 어요 만나 면은 인사 그거 검사 얘기 드릴게요 일단 들어가 업무 나오 셔서 한적 공간 으로 세요 에서 떨어진 삼자 공원 얘기 할께요 죄송 합니다 들어갔 세요 여보세요 여보세요 나오 나요 엄청 오래 걸렸 네요 나오 어쩔 고생 어요 일단 본인 한적 공간 으로 습니까 근데 여기 한적 공간 여기 번화간데 그러 면은 본인 목교 출구 으로 할께요 검사 얘기 들으면서 조심 스럽 본인 안전 중요 니까 그리고 사람 직책 성함 말씀 어요 기억 습니다 한테 나요 남자 목소리 들리 던데 처음 여자 한테 다가 여자 아예 어요 그래요 어떻게 어요 말씀 셔야 계속 던데요 어디 필요 세요 사람 수상 질문 어요 아니요 사기 당한 아니 세요 그런 참나 사람 어떻게 모르 기억 기억 아니 여자 아예 써져 어요 으신 본인 자산 어떻게 으셨어요 면서 습니까 들리 세요 들려요 에요 걸어가 면서 어요 어떻게 어요 6000 라는 자산 에서 천만 나머지 달러 달러 얼마 에요 얼마큼 달러 아니 그러니까 얼마 얼마 달러 아니 에요 기억 그냥 그냥 천만 자체 달러 바꿨 다는 얘기 습니다 일단 금융 감독원 김진우 대리 께서 본인 만나 지금 상황 여보세요 어요 본인 면서 우선 오목 교역 출구 그쪽 커피 라고 어요 많이 힘드 니까 본인 커피 시켜 추우 면은 커피 커피 에서 커피 한잔 면서 검사 대화 나누 부분 본인 자산 전하 으셨 어떻게 에요 무슨 색깔 분홍색 분홍색 어떻 에요 에요 어차피 니까 자체 수치 할게요 무슨 인지 비싼 아니 잖아요 일단 으세요 ooo 금융 범죄 금융 계좌 추적 민원 에요 서류 예요 귀하 께서 금융 감독원 제기 금융 계좌 추적 민원 2017 잠시 2017 8517 입니다 감독원 에서 조사 대한 답변 고요 잠시 그리고 금융 감독원 그냥 계좌 추적 관련 주요 조치 협조 공문 따라서 금융 위원회 해당 해당 인천 검찰청 담당 수사관 담당 검사 계좌 추적 실시 도록 지도 에요 잠깐 만요 자동 으로 전달 들어와서 잠시 만요 그리고 여보세요 금융 감독원 귀하 금융 계좌 추적 통해 대포 통장 불법 자금 대해 계좌 추적 계좌 추적 불법 대포 통장 불법 자금 확인 금융 27 따라 공제 처리 국고 환수 처리 계좌 추적 통해 귀하 계좌 투명 입증 시켜 드리 제도 입니다 습니까 그럼 어떻 에요 같이 예요 본인 수사관 만나 야죠 그럼 수사관 만난 다음 어떻게 본인 에서 수사관 해당 그냥 여러 군데 지만 에서 그냥 군데 거기 원상 복구 처리 본인 께서 으로 예요 무슨 인지 그거 금융 감독원 금융 감독원 금융 19 따라 국가 안전 보안 계좌 코드 발급 드릴 귀하 금융 자산 전하 국가 안전 보안 코드 계좌 번호 등록 시킨 계좌 추적 귀하 금융 자산 전하 원상 복구 시켜 드리 제도 입니다 습니까 보안 코드 그니까 검사 기기 예요 무슨 인지 모르 진짜 모르 어요 누구 한테 살려 습니까 아니요 지금 진짜 힘들 아요 어요 조금 힘내 으니까 조금 힘내 고요 짜증 그만 짜증 나요 본인 지금 짜증 섞인 목소리 어요 짜증 그만 힘든 검사 어요 그렇 다고 해서 검사 토닥여 만나 달래 조금 내자 고요 드릴게요 힘내 금방 니까 그리고 금융 감독원 귀하 피해자 신분 입증 금융 자산 보험 신청서 재산 보험 신청서 예요 지급 드리 금융 에서 보호 조치 드릴 차후 피해 최고 일억 5000 까지 보상 지급 예정 입니다 그리고 기타 추가 사항 으실 경우 담당 검사 문의 예요 적혀 구요 김준우 대리 만나 지금 대리 만나 김준우 대리 라고 밝힐 어요 만나 검사 바꿔 줘요 확인 겁니다 검사 확인 구요 만나 확인 신분 확인 잖아요 본인 바꿀 에요 서류 검사 자산 오만 정도 바꿨 잖아요 오만원 오만 천만 오만 에다가 달러 천만 달러 바꿔다 예요 무슨 인지 그리고 본인 성함 싸인 됩니다 어떻 해요 그거 수사관 드리 에요 수사관 드리 어차피 본인 피해 보상금 나가 잖아요 피해 보상금 나가 실수 빠져 나갈 으면 더라도 인지 라든지 그런 까지 아서 원상 복구 처리 겁니다 걱정 필요 그렇게 거기 인하 잖아요 인하 검사 자산 같이 김준우 대리 본사 해서 검사 져요 지금 라가 섞여 시간 정도 걸릴 겁니다 아아 에서 시간 정도 걸리 수사관 파견 시켜서 본인 만나 예요 왜냐면은 검색 기다리 동안 본인 서류 작성 서류 대한 내용 본인 검사 말씀 드릴게요 죄송 합니다 일단 검사 말씀 드릴게요 금융 거래 명세서 재산 보험 신청서 피해자 입증 확인 그리고 수사 협조 감사문 겁니다 내일 으로 본인 자택 으로 유에스 녹취 증거 자료 지금 녹취 진행 본인 대화 증거 자료 내일 으로 본인 한테 예요 그거 본인 계셨 다가 나중 유사 사건 발생 본인 한테 전화 경우 만약 경우 아니 증거 자료 법정 에다 채택 본인 아무런 문제 라는 밝혀 무슨 인지 증거 자료 내일 으로 본인 지금 밧데리 어떻게 55 다행 네요 금융 거래 명세서 뭔지 금융 거래 본인 께서 다는 명세서 작성 예요 서류 재산 보험 신청서 아까 말씀 듯이 최대 일억 5000 까지 만약 누가 훔쳐 거나 당한다 거나 혹시나 그럴 거의 90 지만 그럴 경우 본인 나라 에서 본인 최대 일억 천만 까지 보장 제도 구요 근데 지금 어디 라고요 오목교 출구 오목교 출구 출구 천천히 그리고 피해자 입증 확인서 뭔지 본인 피해자 라고 입증 시켜 확인서 작성 겁니다 수사 협조 감사문 아까 검사 말씀 드렸 듯이 수사 비용 나가 근데 에서 본인 택시 비하 여러 아닙니까 포함 도와 드리 부분 피해자 보상금 1000 1000 으로 지급 어서 본인 금전 부분 본인 한테 겁니다 수사관 아마 거기 현금 으로 아야 예요 현금 으로 아야 아요 그러면은 에서 으로 들어갈 예요 아마 으로 들어가 원상 복구 처리 확인 자리 에서 현금 으로 아마 1000 드릴 예요 자리 에서 현금 으로 드리 면은 그거 본인 께서 입금 시키 던지 기다려서 예요 일단 출구 어요 죄송 해요 아니 에요 그래요 많이 힘든 우선 습니다 그래도 어쩝니까 검사 만나 달래 부분 아직 솔직 냉정 따지 면은 본인 조사 신분 에서 아직 까지 피해자 아니 조사 신분 니까 검사 한도 습니다 그래서 본인 께서 습니다 고맙 습니다 고맙 고요 어요 김준우 대리 께서 금방 도착 한다고 니까 김준우 대리 만나 서류 그냥 셔도 돼요 검사 그냥 얘기 했잖아요 그니까 전화 바꿔 확인 다시 바꿀 예요 그러 검사 지시 대로 그렇게 서류 작성 작성 다시 성함 인하 바로 금융 감독원 김준우 대리 한테 조치 까지 자산 일단 예요 다음 내일 으로 검사 본인 한테 갈게요 내일 으로 된다니까요 학교 말씀 드렸 잖아요 여행 간다고 아침 에요 그래요 그럼 본인 여행 다녀와서 검사 드릴게요 그럼 수사관 한테 여보세요 어요 수사관 한테 김민수 수사관 라고 잖아요 정확 김두현 검사 외우 세요 김두현 김두현 아니 아니 김두현 검사 핸드폰 번호 검사 알려줘 된다고 으니까 핸드폰 번호 알려 세요 세요 다음 여행 와서 털털이 아무 잖아요 검사 간직 다가 전화 면은 지금 검사 재량 으로 본인 만나 갈게요 잖아 비싼 아니 검사 어요 본인 출구 도착 도착 어요 도착 어요 출구 그러면은 잠시 일단 커피 들어가 출구 잠시 대기 할게요 김준우 대리 어디 까지 확인 니까 잠시 기다리 많이 힘들 본인 사이버 수사 에서 핸드폰 위치 역추적 어요 사이버 수사대 에서 본인 추적 아니 본인 혹시 으로 기기 변경 때문 거기 혹시 본인 핸드폰 으로 등록 핸드폰 켜져 켜져 그거 확인 예요 그니까 지금 계속 역추적 으니까 지금 일단 커피 라고 커피 으로 갈게요 잠깐 고객 에서 기다리 아요 저희 학교 진짜 같이 풀리 같이 학교 까지 수사관 한테 얘기 놨어요 거기 까지 얘기 핸드폰 번호 께서 만나 세요 일단 얘기 니까 금방 도착 예요 수사관 도착 예요 그니까 김준우 대리 께서 금방 도착 한다고 거든요 대리 만나 니까 잠깐 그리고 김준우 수사관 한테 놨으니까 대학교 사건 때문 어쩔 본인 께서 따지 세요 따지 라고요 라고요 아니 수사관 수사관 얘기 아니 에요 지금 사건 번호 얘기 사건 때문 연루 돼서 지금 현재 조사 다가 완료 라고 얘기 아닙니까 사건 때문 나간다고 출구 으로 다시 면은 골목 좌측 으로 좌측 골목 으로 갈게요 천천히 그쪽 지금 주변 계신 아요 일단 그쪽 주변 으로 갈게요 골목 으로 들어가 세요 들어가 어요 들어가 면은 무슨 교회 나요 보여요 교회 으로 갈게요 교회 에서 만나 뵙죠 그냥 커피 으로 사람 너무 잖아 사람 너무 으면 사람 생각 한다고 그래요 아니 그래도 커피 에서 만나 어요 커피 에서 만나 달라질 어요 안녕 세요 바꿔 세요 김준우 대리 입니다 김준우 대리 전하 복귀 피해 자분 바꿔 세요 서류 아서 거기 싸인 성함 그리고 달러 그렇게 여기 어요 여보세요 어요 달러 어요 아요 그리고 건네 부탁 합니다 마디 세요 계속 통화 할게요 부탁 합니다 마디 다음 써요 지금 정신 어서 다시 세요 천만 달러 천만 본인 성함 싸인 원래 바쁜 니까 얼른 건네 부탁 합니다 마디 세요 얼른 여보세요 같이 에요 여기 본인 지금 수사관 만나 아니 에요 어떡 해요 건네 어요 드렸 부탁 합니다 어요 부탁 드립니다 다음 해요 본인 지금 커피 으로 셔서 거기 수사관 만나 셔야 잖아요 커피 으로 세요 같이 같이 에요 김준우 대리 께서 본사 여보세요 사기 당하 어떡 해요 검사 대화 해야지 누구 대화 습니까 그런데 걱정 어떻게 걱정 최대한 빨리 끝내 드릴 니까 일단 빨리 커피 으로 세요 수사관 빨리 만나 야죠 같이 야죠 진짜 불안 에요 어떡 해요 김준우 대리 어요 얼른 보내 빨리 보내 본인 빨리 끝날 아닙니까 아니 계속 그러 마시 어떻게 걱정 김준우 대리 본사 빨리 해서 본인 빨리 끝내 아니 에요 지금 어떻게 확인 건데요 같이 한다 면서 김민준 수사관 만나 아니 지금 보내 고요 빨리 본사 해야 니까 본인 빨리 수사관 만나 아니 에요 지금 검사 걱정 검사 대로 협조 에요 지금 김준우 대리 빨리 보내 본인 지금 빨리 합법 자금 나와야 본인 피해자 입증 완료 아니 진짜 아니 그러니까 얼른 보내 세요 검사 으라고요 김민준 수사관 거의 도착 다고 니까 지금 만나 아니 에요 본인 진짜 으니까 아니 저희 부탁 합니다 마디 라고요 얼른 부탁 합니다 마디 그분 피해자 입증 완료 최대한 빨리 도록 니까 얼른 보내 세요 검사 지금 김민준 수사관 보냈 으니까 만나 원상 복구 처리 니까 걱정 얼른 보내 세요 어요 진짜 여보세요 진짜 아니 진짜 금감원 근데 어떻게 냐고요,1,,
여보세요 안녕 세요 부산 고등 검찰청 용사 후보 김나영 수사관 입니다 사정 어서 연락 드렸 통화 십니까 연락 드리 아니 고요 여쭤 습니다 혹시 신분증 면허증 운동 부실 거나 타인 에게 확진,1,"Hello, be a candidate for the Busan High Prosecutors' Office, Kim Na -young, a candidate for the Yong -gu, I will contact you. I will not contact you.",korean
그런 근데 다른 사람 즐길 방법 어느 마이너 라도 다른 사람 함께 즐길 면서 즐거움 느껴요 검도 면서 상대 머리 즐거움 느껴요 그때 그래요 면서 공감 대화 정도 근데 애초 종목 전문 필요 잖아 승마 할라면 어야,0,"But how to enjoy others, I can enjoy any other people with others.",korean
현재 관련 니까 통장 으로 피해 136 주기 어요 연락 드리 저희 통장 에서 모르 신다고 얘기 사건 조사 시간 대로 진행 때문 절대로 거짓 확진 됩니다 계십니까 몰라요 2015 경기도 광명시 철산동 농협 사진 으십니까 소장 직접 배달 어요 많이 당하 군요 저희 저희 통장 대해서 지급 동결 처리 시켰 습니다 지점 에서 으시 저희 성장 위해 어떤 물건 사용 습니까 맞춰 됩니다 으신 예요 고민 나요 지금 말씀 농협 국민은행 다른 금융 에서 아닌 걸로 간주 지금 교체 동의 습니까 예요 그래서 저희 부분 지금 게끔 정상 어서 자기 먼저 시켜 드리 부분 입니다 그러 나요 으시 으신 예요 전기 전기 전기 전기 검은색 에요 그러 국민은행 일본 지도 주식 하나 으신 아니 농협 하나님 잖아 국민은행 주식회사 으시 다고 대략 으로 어느 정도 금액 어야지 확실 심한데 얘기 됩니다 그리고 10 주식회사 싸가지 어느 정도 금액 40 대략 으로 갑자기 300 에서 400 정도 으신가 지금 니까 끝나 어요 잡음 많이 돼요 몰라 다고요 지금 메모 신가요 사건 번호 불러 드리 습니다 2015 조사 걸로 박경수 사건 담당 연결 시켜 드릴 건데요 사건 번호 불러 여보세요 확인 으시 부분 인데 확인 통장 으로 잖아요 다른 니까 잖아요 도와드릴까요 여보세요 점검 사건 번호 전달 지요 본인 확인 먼저 습니다 다시 정확 명칭 본인 어요 사건 번호 조회 셔야 다시 불러 세요 82 안녕 세요 네네네 니까 담당 검사 양인철 검사 라고 합니다 그냥 여기 여기 첨단 범죄 수사 에요 나중 본인 추가 내용 라도 궁금 으면 라고 십시오 검사 확인 저희 세요 으로 사용 에게 건전지 발생 습니다 본인 으로 고소 고발 평택 박경순 사람 대해서 신분증 면허증 여권 분실 습니까 저녁 나중 경우 개인 으로 됩니다 부분 대해서 말씀 드리 됩니까 라고 무슨 말씀 드리 지역 어디 입니까 정체 전라도 인가 뭔데 지금 사태 대해서 못하 으로 셔도 지금 통장 대해서 일단 얘기 해요 모르 냐고 보이 개인 정보 유출 그거 지금 다는 아니 내용 다고 어요 다는 얘기 예요 경찰 오른쪽 으로 지요 언제 시간 아요 보낼 니까 니까 서울 으로 들어오 세요 그렇게 차리 갈게요 그리고 지금 사용 전기 처리 겁니다 세요,1,"It's now related to the bank account 136 cycles. I'll contact you.I have been handled at the point, what kind of goods are you using for our growth? Are you worried about it now?It is an electrical electricity electric electricity black.It's about 400, it's over. It's not a lot of noise. I don't know. I'm going to call you the case number. I'm going to connect the Park Kyung -soo case with the 2015 Survey.Please see the check number. I check my identity first.Checking Checking The Battery occurs to the use of the use of the use of the battery.Even though I'm talking about my bank account, I don't know.",korean
마시 알아보 연락 실까요 잖아요 고객 최대한 고객 으로 지금 잖아 된다고 된다고 마십시오 저희 지금 아마 셔서 너무 지금 바로 입금 처리 드렸 고객 코드 으로 막혀 어떻게 드려요 잖아요 매일 사람 마다 전산 으로 코드 에요 치료 해야 나요 한국인 취소 십니까 고객 지금 계시 부분 고객 저희 처리 드리 습니다 지내 생기 잖아요 너무 힘들 거든요 연락 실까요 으시 고객 예약 드리 려고 그냥 지금 자금 나오 그냥 시장 으로 고기 엄청 원래 에요 습니까 얼마나 습니까 그렇게 드릴 으면 습니다 다른 통장 들어가 음악 그랬 으면 습니다 모르 십니다 고객 고객 시간 얼마 들리 세요 연락 신다고 셨잖아요 고객 으로 지금 다시 정도 입금 드리 고객 니까 입금 시도 했잖아요 그렇 아니 지요 얼마 정도 으세요 30 나오,1,Do you want to contact you. Don't say that it's as possible as a customer now.We're going to take care of it. It's so hard. I'm going to contact you.You said you were in contact.,korean
우리 고객 저희 어떻 당신 기사 지도 모아 저축 기존 고객 아요 때문 직접 상황 요청 NH 농협 통해서 사람 들어왔 냐고 물어볼 으세요 그러 사실 대로 NH 농협 사촌 근무 계시 신용 관리 차원 에서 처리 말씀 셔야 고요 일단 우리 고객 께서 요청 셔야 시간 정도 소요 잖아요 저희 천천히 시간 아야 됩니다 고요 기록부 납부 증명서 요청 셔야 금융 수학 처리 여부 금감원 그리고 저희 NH 농협 그리고 상대 금융 모아 저축 확인 방식 으로 감독 개자식 에스크로 계좌 일반 사람 거기 아닌데 어떻게 라고 농협 사촌 근무 한다고 말씀 올리 처리 부분 저희 우회 으로 도움 드리 때문 고객 당하 그쪽 에서 더라도 건데 여기 나가 셔야,1,"How do we have your article? I ask you if you have come in through NH Agricultural Cooperatives because of the existing customer.It's not your time. We need to ask for the recording payment certificate.I will help you because it's helping you, but you have to go out here",korean
그렇게 당당 면은 SNS 다가 다니 든가 연예인 그런 다니 면서 무슨 약간 논리 약간 펼치 여자 연예인 그런 하나 올리 면은 득달 같이 달려들 댓글 수만 달리 그래 그래 그냥 얘기 그만 한테 그래 으로 한테 그런 얘기 으면 약간 얘기 더래 더라 그래,0,"So I'm going to go to SNS or a celebrity, and I'm a bit logical, but a little bit of a female celebrity.",korean
빌려 달래 그래서 그러 냐고 니까 스페인 간대 스페인 빌려 냐고 그냥 다고 누나 한테 절대 빌려 준다고 해서 얼마 그래서 오만 거래 그랬 더니 오만 100 백만 달래 그래서 군인 인데 20 잖아 상병 아니 올해 아니 작년 작년,0,"I want you to lend me so it's so much that I just lend me to Spain, Spain, so I lent it to my sister.",korean
그르니까 그렇게 그렇 다고 한다면 건설 얘기 우리 지금 생각 주제 지만 지금 급히 바로 얘기 그렇 다면 혹은 어떻게 돌파구 대한 생각 지금 사실 시작 사실 우리 브레인스토밍 해서 멍멍이 소리 로부터 시작 지만 그래도,0,"If so, if you say that, it's a construction story now, but if you are in a hurry now, or how to break through, I think about it now actually starts from the sound of the bruise, but",korean
건강 현장 에서 사랑 신용카드 대포통장 그리고 보안 카드 중요 압수 물품 연결 하나 우리 통장 대해서 연락 드렸 습니다 일단 전화 결과 통장 으로 2016 14 입니다 경기도 광명시 본인 께서 으로 직접 발급 으셨 습니까 경기도 광명 으로 다네 아니 최근 사이 개인 정보 유출 물건 분실 잃어버린 습니까 습니다 오늘 입금 처리 해서 연락 드려 본인 어머니 께서 통장 개설 아빠 문희경 일당 한테 금전 대가 으시 양주 건지 아니 개인 정보 유출 인해 서면 운동 당하 피의자 신문 확인 전략 드렸 고요 일단 사건 본인 여유 사건 아니 전화 200 연료 대연 사거리 신데 어떤 직접 자기 으로 통장 으로 셔서 문희경 일단 전덕 대가 판매 사진 고요 대부분 개인 정보 유출 인해 설명 정당 채소 많이 계십니다 일단 사건 일정 혜미 지금 구속영장 발부 해서 부속품 구속 수사 습니다 본인 전반 조사 에서 대포통장 사건 대해서 아무런 으시 일체 때문 인상 나갈 겁니다 그런데 중요 지금 문희경 일당 건강 현장 에서 본인 명의 개설 하나 우리 통장 통장 으로 압수 때문 동생 계속 만들 으면 따로 연락 드리 통장 개설 인해서 발생 때문 니까 양산 아니 라면 간단 피해 입증 전설 으셔야 됩니다 드십,1,"In the health site, I connected the love credit card cannon account and the security card important item.I lost lost. Today, I contacted you and contacted you.I put it directly on my bank account, and Moon Hee -kyung, Jeondeok Daega Sales Photo Go.I'm going to go out, but I'm going to open the name of myself in the health site of Moon Hee -kyung, but if you keep making it because of the seizure of our bank account, I will contact you separately because of the opening of the bankbook.",korean
지금 발견 제자 법인 계좌 때문 사용 개인 잖아요 법인 계좌 개인 다면 코드 다릅니다 에서 확인 확인 코드 때문 저희 연락 드린 고요 일단 통증 직접 개설 셔서 대포통장 으로 판매 라는 간단 말씀 드리 자면 사건 자체 전국 으로 180 사건 에서 통장 판매 명의 도용 섞여 상황 입니다 다시 말씀 어요 일단 상당수 필드 사건 자체 직원 제출 해서 지금 까지 세요 니까 상당수 회원 대출 점심 으세요 피해 신지 신고 든지 부분 기사 께서 안내 예요 아니 때문,1,"Now, because of the corporate account account, I use it.It's a situation.",korean
아직 그냥 사실 진짜 앞부분 라서 아니 진짜 그게 시리 근데 엄청 두껍 잖아 그서 아직 그냥 사람 거기 그냥 그런 지구 그래서 챕터 나눠져 지구 시점 에서 사람 자기 캔다 자신 심장 내용 하나,0,"It's really just the front, but it's really the first part, but it's very thick.",korean
지금 보낸 차명 계좌 부분 대해서 상태 금액 방문 셔서 업무 셔야 아서 으니까 시간 정도 계좌 발급 유지 시간 정도 걸리 시간 정도 외출 그녀 사랑 저녁 아니 설정 부분 돼서 금융 감독원 에서 부분 대해서 본인 께서 자금 데이터 셔야 까지 시간 30 그렇 때문 본인 께서 계좌 추적 으시 완료 모닝 피해자 인증 완료 마치,1,"As you have to visit the status of the car's account, you have to work for the amount of time, so it takes about time to get the account issuing time.Tracking Class Complete Morning Victim Certification Completion",korean
다른 일단 그냥 뭔가 공기 다른 되게 그냥 서울 되게 자주 지만 마다 되게 들뜨 뭔가 되게 그냥 와도 느낌 그냥 그대로 느낌 그런데 되게 괜찮 일단 동네 수원 일단 사람 너무 우리 우리 잘못 하나 보이 면은 바로 생기 그러니까 되게 서울 괜찮 으로 자주 자주,0,"First of all, it's just something different from the air, but it's just a lot of Seoul often, but it's just a lot of excitement, but it's just like it.",korean
부산 고등 검찰청 형사 김지웅 수사관 입니다 확인 사항 어서 연락 드렸 지금 통화 십니까 난수 방송 때문 연락 드린 아니 정보 유출 때문 드리 습니다 혹시 최근 사이 신분증 면허증 분실 거나 타인 에게 으십니까 그러 요즘 카드 에서 개인 정보 유출 많이 혹시 개인 정보 유출 인해 피해 사람 어요 왜냐하면 저희 2015 목요일 불법 도박 금융 기단 일단 그런 건설 현장 에서 부산은행 통장 계시 지요 600 상당 불법 도박 자금 어서 동결 처리 습니다 대해서 부분 으십니까 네네 부산은행 그래 으십니까 그런 사람 습니까 통장 으로 다고 얘기 전혀 모르 계시 다는 말씀 인데 다시피 금융 거래 실명 미치 통장 개설 본인 직접 신분증 지참 회장 많이 통장 발급 습니까 부산은행 거래 으세요 부산 으로 으세요 본인 온다 그래서 사건 아니 본인 입장 지만 사건 사람 불법 도박 사이트 도움 면서 필요 니까 본인 포함 전국 130 에게 통장 구매 다고 진실 해서 연락 드리 부분 고요 그리고 통화 판매 계셔서 확인 연락 드린 겁니다 통장 판매 신다고 으시 다는 말씀 참고 말씀 드리 자양동 행동 처벌 관한 법률 통장 타인 에게 판매 사람 징역 1000 벌금 처하 계셔야 됩니다 지금 사건 대해서 전혀 아무 관계 으시 다고 연결 때문 지금 셔서 전화 으셔야 텐데 시간 얼마 정도 걸립니까 지금 어디 생일 셔야 현재 어디 계십니까,1,"Busan High Prosecutors' Office Detective Kim Ji -woong Investigator.The victims are, because we're illegal gambling finance base on Thursday, 2015.As it means that it is, do you have a lot of bank accounts?I was so sincere and I was going to contact you.You have to call you now, but how long is it? Where do you have your birthday now?",korean
얘길 냐면 친한 사람 연결 어도 지금 지금 확실 으니까 그것 때문 쪼끔 애매 다고 그러 더라 그니까 빨리 빨리 구하 라고 한테 계속 얘길 그니까 빨리 구해야 안정 면은 바로 아무래도 지금 조금 요즘 애매 니까,0,"It's about that, because the close person is clear now, it's so ambiguous.",korean
서울 중앙지 첨단 범죄 수사 김지훈 수사관 입니다 통화 대문 으십니까 남성 김동희 전혀 모르 십니까 2014 17 지점 에서 농협 하나 통장 본인 직접 자신 습니까 친족 영복 본인 방문 해야 습니까,1,Seoul Central District Advanced Criminal Investigator Kim Ji -hoon Investigator Kim Dong -hee Kim Dong Hee,korean
근데 그거 인가 괜찮 원래 하루 잖아 정말 라고 근데 그거 되게 재밌 만약 한곡 체험 라스푸틴 라고 검색 러시아 노래 나오 거든 근데 그거 우리 나라 에서 되게 유명 그래서 매칭 으면은 한국인 밖에 잡혀 그게 되게 재밌 으니까 RAS 까지 검색 해도 노래 밖에,0,"But it's okay, it's really a day, but it's really fun, but it's fun, but it's a rasputin.",korean
저희 에서 바로 진행 니까 요네 그렇 저희 에서 바로 고객 께서 진행 때문 보내 셔도 고요 저희 팀장 지금 올라가 지금 확인 연락 드리 도록 습니다 감사,1,It's right in us.,korean
여보세요 우리 인데요 서류 없이 대출 신데 필요 으세요 으세요 개인 신용 대출 아닌데 요네,1,"Honey, we're a loan without a document.",korean
그리고 우리 쇼핑 지금 자라 에이치 에잇 어제 엄마 자라 근데 사실 분위기 별로 아서 왜냐면 그저께 들어갔 거든 그래서 분위기 별로 아서 더라고 그래서 자라 진짜 쇼핑 그냥 원피스 하나 더라 근데 아마 오늘 빠졌 사실 의미,0,And we grow up now.,korean
근데 어차피 우리 지금 서류 발표 인가 인가 거든 근데 시험 서류 면은 대략 쪼끔 되게 시간 거든 근데 면은 회계 경영 돌릴 경영 경제 근데 경제 범위 몰라 지금 범위 나와,0,"But anyway, it's a document announcement anyway, but the test document is roughly a time, but the noodles are the management economy that will turn the accounting management.",korean
그래 저번 다섯 들어갔 거든 인가 그때 들어갔 그때 엄마 아빠 일어나 그냥 그냥 그냥 으라 그래 그러 길래 그냥 분위기 분위기 그냥 분위기 나쁘 으니까 엄마 들어왔 니까 그냥 연락 니까 그냥 별로 그래 근데,0,"Yes, I went in five times last time. At that time, my mom and dad got up and just just just got it.",korean
여보세요 여보세요 확인 해서 연락 주세요 고객 아니 고요 카드 에서 많이 으려고 잖아요 그거 통장 100 상당 불법 도박 잠깐 들어가 지금 심장 떨려서 그랬 다시 으세요 똑똑히 말씀 세요 지난 2013 금융 식당 현장 에서 통장 계좌 번호 알려 세요 통장 계좌 번호 세요 많이 니까 처음 부터 부산은행 처음 부터 세요 습니다 계좌 번호 알려 세요 오후 통장 그래요 그래서 어떻게 나요 어디 어디 니까 부산 고등 법원 오늘 된다고 돼요 내일 오후 으로 으시 라고 전화 어요 으니까 말귀 말씀 공부 하나 606 3300 예요 누구 으니까 기다려 세요 경우 처음 니까 진실 니까 지요,1,"Honey, please check and contact us. I'm not going to contact you a lot on the card.From the beginning, I will be from the beginning of Busan Bank. I tell you the account number.Because",korean
급수 아니 지만 진짜 스트레스 많이 어렵 잖아 어렸 배우 니까 근데 동생 니까 동생 인가 까지 거든 한문 근데 재밌 그게 근데 사람 마다 다른 지만 그래도 영어 언니 욕심 니까 다른 원래 엄마 그런 사교육 관심 잖아 근데 언니 아직 까지 그런 우리,0,"It's not a sudden water, but it's really hard stress. I'm a young actor, but I'm a younger brother.",korean
고객 담당자 김성 대리 입니다 지금 법무사 배정 어요 지금 입증 십니까 지금 준비 어요 그러 세요 잠시 지금 일단 먼저 법무사 안내 드리 습니다 메모 십니까 불러 세요 입니다 잠시 일단 국민은행 으로 배정 구요 국민 불러 볼게요 성함 어떻게 돼요 법무사 십니다 지금 보내 바로 전화 드릴게요 입니다 입금 바로 전화 드릴게요 먼저 세요 나머지 차액 네네 다른 법무사 배정 으셔야 됩니다 법무사 오늘 금요일 정시 퇴근 셔서 일단 법무사 십니다 습니다 우선 법무사 상환 처리 다음 전화 바로 부탁 드릴게요 법무사 빠르 지금 배정 요청 으니까요 지금 빠르 해서 금요일 여섯 까지 영수증 확인 여섯 자금 수령 문제 도록 도움 드리 습니다 대리 수고 으셨 습니다 차액 부분 배정 으시 부탁 드리 습니다 습니다,1,I'm a customer officer Kim Sung -eun. I'm sure I'll be prepared now I'm preparing now. I'm preparing for it.I'll call you right away first. The rest of the difference.I will help you to receive the funding problem. You have a good job. Please assign the difference.,korean
근데 물론 지금 여유 약간 시간 으면은 해외여행 많이 다니 솔직히 어제 국사 공부 국제 정세 나오 근데 여러 나라 배우 진짜 잖아 근데 세계 일주 사람 옛날 솔직히 요즘 생각 면은 태어나 까지 세계 한번 돌아보 아서 약간,0,"But of course, if you have a little bit of time, you can travel a lot abroad.",korean
IBK 고객 IBK 기업 아세요 고객 저희 주차 자리 따로 어서요 IBK 기업 뒷골목 면은 주차 자리 따로 어요 고객 그쪽 으로 네비 오로라 고객 바로 맞은편 로라 월드 빌딩 라고 거든요 영업 입니다 영업 영업 대출 관리 상담 최대건 대리 라고 구요 에서 고객 으로 잖아요 저희 고객 저희 영업 인데요 까지 고객 께서 지금 저희 금액 회사기 때문 고객 지금 올라오 어요 고객 에서 고객 저희 경비 직원 으시 잖아요 거기 영업 최대건 대리 연결 최대건 대리 자리 연결 라고 면은 에서 경비실 에서 한테 연결 예요 그러면 저희 적혀 으니까 방문 예정 지금 그거 까지 예약 정도 방문 세요 고객 오늘 방문 아니면 고객 지금 계시 계속 갈까요 기분 나빠서 그래요 고객 지금 계시 계약서 갈까요 고객 대출금 지금 대출금 나가 니까 다음 지금 바로 갈까요 고객 그러 개인 휴대폰 번호 말씀 세요 고객 휴대폰 번호 까지 알려 드려야 나요 고객 그러 고객 고객 개인 으로 금전 거래 다고 오해 괜찮 으시 어요 휴대폰 번호 까지 잠시 여쭤 볼게요 휴대폰 번호 안내 해도 괜찮 잠시 만요 고객 그러 휴대폰 번호 지금 어차피 고객 자금 나가 아요 자금 나가 지금 고객 알려 드려 괜찮 왜냐면 그게 나을 아요 지금 자금 나가 고객 한테 핸드폰 번호 개인 휴대폰 으로 드리 그럼 에서 영업 사람 아니 에요 고객 지만 근데 고객 짜리 거든요 고객 그러니까 지금 자금 나가 나가 다음 고객 께서 전화 면은 고객 께서 한테 말씀 그때 핸드폰 번호 알려 드려 괜찮 나요 그건 괜찮 으시 겠죠 그러 고객 방문 고객 오늘 자금 으시 더라도 사과 문제 고요 오늘 자금 으시 도록 고객 고객 으로 방문 고객 한테 뭔가 택일 나을 애요 고객 지금 고객 어차피 고객 전화 통화 드린 녹취 계시 고객 고객 아니 고객 고객 때문 고객 회사 에서 고객 시말서 써야 돼요 고객 상담 굉장히 돼요 고객 아실지 모르 지만 그러 저기 고객 저희 최소한 안전 장치 어야 아요 절차 사람 다구요 자금 금방 나가 고객 전화 으시,1,"IBK Customer IBK Company. Customer Customer Customer Customer Park Separate Retails for IBK Company.Our customer is our business.So I'm going to visit the reservation so far. Customer visit today or customers will continue to go now. I feel bad.I'm a customer, and I'm misunderstood as a customer. I'll ask you a mobile phone number for a while.I'm not a sales person at my mobile phone number to my customer, but I'm a customer, but I'm a customer, but I'm a customer.Visit customer Today's funds.You may know the customer, but there, the customer should at least have a safeguard.",korean
여보세요 여보세요 고객 으시 아요 고객 안녕 세요 현대 캐피탈 결제 부서 김고은 과장 입니다 안녕 세요 안녕 세요 잠시 송금 시간 연락 드렸 지금 현재 통화 불편 으시 아니 기다리 어요 기다리 어요 간단 개인 신원 확인 생년월일 앞자리 까지 빠르 확인 한번 부탁 드릴게요 핸드폰 고객 본인 명의 구요 지금 핸드폰 엘지 플러스 확인 으시 고요 아요 저희 자금 수령 계좌 번호 고객 께서 확인 한번 부탁 드리 습니다 국민은행 아요 국민 동일 계좌 자동 설정 구요 매월 납부 지정 어요 고객 아요 일단 저희 승인 자금 자체 백만 구요 금리 프로 적용 셔서 상환 동안 납부 면은 원금 포함 금액 칠만 지금 요거 증액 조금 으셔서 으로 수령 세요 금리 프로 동일 구요 납부 금액 원금 포함 셔서 오만 세요 어요 요거 변동 사항 으신 으신 그러 고요 일단 개인 정보 확인 감사 드리 구요 현재 지금 송금 시간 조금 니까 예약 송금 으로 드릴 에요 예약 송금 까지 시간 19 부터 20 까지 데요 고객 순번 지금 에서 신데 혹시나 만약 오늘 으로 송금 경우 내일 오전 아홉 에서 사이 송금 에요 만약 혹시나 오늘 진행 신다고 셔도 부분 양해 부탁 드리 내일 오전 바로 자금 수령 부분 거든요 만약 오늘 자금 내일 통화 해야 건가요 내일 오전 에서 담당자 통화 구요 다음 자금 그냥 바로 확인 예요 만약 그러 내일 오전 들어오 경우 그렇 근데 만약 혹시 상황 대비 해서 말씀 드리 직원 어도 산상 닫혀 버리 면은 저희 손쓸 방법 니까 부분 양해 구요 지금 전자 서명 신다고 담당 통해서 전달 일단 전자 서명 경우 담당자 통화 셔서 자금 수령 면서 녹취 전화 진행 도움 드릴 니까 부분 내일 오전 담당자 녹취 전화 면서 세요 습니다 혹시 궁금 사항 으신 어요 그럼 지금 예약 송금 상태 네요 그렇 지금 부터 예약 송금 드린 구요 송금 예약 송금 시간 19 부터 20 까지 세요 습니다 수고 습니다 고객 고생 으셨고 담당자 진짜 많이 으니까 고객 께서 위로 아닌 부탁 드릴게요 만나 라고요 서울 그러 세요 진행 종료 면은 셔서 인연 만들 아요 정말 얘기 입니다 그러 니까요 담당자 연락 드리 라고 니까요 고객 께서 내받 으셨다고 말씀 세요 지금 담당자 퇴근 계속 기다리 거든요 습니다 고객 고생 으셨 습니다 감사 합니다 김고은,1,"Honey, please look at the customer, please be a customer.My name is now your mobile phone LG Plus confirm it.During the payment surface, the amount included in the amount included only the amount included.It will be drilled by remittance. It is time from 19 to 20 until the reservation remittance. If you send it today, if you send it today, it will be remittance between nine to nine and nine to, if you are going to proceed today.Do you have to call tomorrow? Tomorrow morning personnel calls.Once you are in charge of the electronic signature, if you sign up for the electronic signature, I will take a call and receive the money and proceed with the recording phone.It takes time from 19 to 20. It's hard to work.I say you said you were waiting for the person in charge now.",korean
우리 애기 레고 한대 그렇게 많이 들어가 비싼 취미 그래서 생일 돌아가 근데 어릴 레고 진짜 엄청 그래서 생일 와중 생일 419 에요 315 그서 우리 연관 얘기 작년 오늘 올해 연관 더니 얘기 작년 어요 기억 기억,0,Our baby Lego is so expensive and expensive. I go back to my birthday.,korean
우리 어릴 경주 그냥 선생 인도 따라서 그냥 귀찮 숙소 으로 잖아 근데 국사 잖아 그러 면서 경주 제대로 더라 문화 유물 그거 둘러 면서 우리 나라 경주 유물 많이 나왔 잖아 그때 그냥 아니 언제 언제 언제 숙소 생각 지금 제대로,0,"Our child's Gyeongju is just a bothersome accommodation, but it's just a bother.",korean
여보세요 고객 출산 데요 생활 사고 결제 자금 필요 으세요 고객 신용 카드 사용 계시 서류 없이 대출 신데 신용 카드 사용 세요 카드 어디 카드 세요 고객 신한 카드 신한 한도 얼마나 세요 고객 천만 잔여 한도 으세요 사용 하나 으신 에요 천만 천만 천만 그대로 어요 그대로 으신 에요 그러 세요 고객 생활 자금 드릴 구요 나이 제한 세요 나이 나이 제한 여쭤 본다고 말씀 드렸 필요 자금 으신 에요 그러면 나이 인데요 라고요 계산 여보세요 그쵸 나이 제한 어서 여쭤 충분히 구요 근데 상품 경우 카드 신용 때문 따로 서류 필요 어요 고객 그래서 무조건 라는 아니 중요 잖아요 분할 납부 최장 개월 까지 신데 선택 본인 께서 구요 저희 드리 고자 전화 상담원 김미정 인데요 동명이인 때문 여쭤 성함 어떻게 나요 접수 구요 한도 부분 안내 건데 저희 접수 조금 밀리 셔서 다시 연락 드릴 예요 고객 심사 에서 전화 드릴 니까 안내 조건 으시 부탁 드릴게요 고객 어디 근데 거기 저희 우리 금융 에요 고객 우리 금융 어디 우리 그런 아니요 저희 우리 관계 금융 우리 금융 에요 고객 피해자 무조건 아니 조건 으시 그때 결정 예요 고객 그러니까 신한 저축 그런 저축 그런 금융 잖아요 저희 금융 라고 우리 금융 저축 캐피탈 캐피탈 캐피탈 네네 우리 캐피탈 우리 캐피탈 우리 금융 인데 캐피탈 라고요 고객 어요 접수 구요 카드 대출 드릴 구요 전화 드릴 니까 으세요 고객 감사,1,"Honey, I need to give birth to a customer. I need to make a payment fund. Customer credit card.It's a good thing. I'm going to give you a lot of money.It's important to pay for the longest monthly payment. My choice.I'll ask for the guidance condition. Where are you?Saving Capital Capital Capital Nene Woori Capital Woori Finance is Capital.",korean
아니 물론 커리어 그리고 학업 아야 그러 혼자 열심히 뒷바라지 까지 갑자기 복직 해서 열심히 해야 된다고 만약 저렇 그런 으로 얘기 그럼 회사 다가 독박 육아 갑자기 집안일 까지 해야 생각 왜냐면 종학 아무리 봐도 시간 나와 회사 엄청 센다,0,"No, of course, career and study, so that I have to work hard to work hard and work hard.",korean
여보세요 으시 전화 드렸 김덕배 입니다 생각 나요 생각 했었 어요 기억 세요 어떤 어떤 시켰 고객 께서 서민정 시간 대신 어디 사셨 어요 업체 마다 말씀 드렸 잖아요 고객 때문 걸로 정부 에서 고객 보증서 그게 무슨 상관 입니까 아니 그거 상관 어요 고객 그거 고객 그거 고객 전화 지금 다시 전화 해서 그쪽 에서 된다 그러면 사람 번호 알려 세요 아니 어디 습니까 선민 정부 지원 며칠 아니요 고객 햇살 아니 햇살 업체 마다 방식 립니 다네 업체 마다 립니 그래 저희 그때 승인 받아들이 된다고 고객 진행 진행 냐고 그냥 거기 얼마 나왔 고객 께서 잠시 만요 그때 고객 께서 필요 얼마 라고 고객 께서 지금 1300 서민 정부 지원 대출 면은 54 54 구요 프로 고객 께서 잠시 드릴게요 20031003 백두산 으시 기간 상환 기간 어느 정도 드릴까요 많이 된다면 천만 짜리 자랑 원금 같이 겁니다 네네네 네네네 네네네 같이 고객 고요 상황 그래서 포함 해서 상황 24 7716 입니다 고객 께서 180 62930 요네 엄청 엄청 겁나 고객 고객 아시 아요 그래서 오늘 오늘 고객 어떤 2500 어요 그분 뭔지 모르 짜리 115 인간 된다고 된다고 그냥 고객 생각 으시 바로 진행 드릴 부분 인데 말씀 드렸 다시피 고객 신용 보증 재단 에다가 재단 에서 보증 때문 신용 발급 비용 예치금 발생 한다고 말씀 드렸 사람 그럼 그건 신용 보증 사람 상관없 된다는 터무니없 소리 고요 지금 까지 면서 신용 보증서 사람 엄청 많이 습니다 고객 근데 소리 그쪽 에서 네네네 잠시 고객 께선 지금 예치금 38 12500 그니까 개월 고객 보증 비용 입니다 보증 비용 정도 에서 고객 보증서 비용 그니까 고객 개월 으시 개월 동안 연체 습니다 그러면 개월 고객 께서 38 12560 에서 38 환급 자동 으로 환불 으시 금액 고요 고객 개월 동안 연체 으시 38 12560 입니다 마디 정부 에서 한마디 정부 에서 고객 신용 높여 드립니다 서민 으니까 실용 차원 에서 대출 상품 나온 예요 어요 전화 말씀 드린 고객 대출 말씀 드리 고요 진행 신다고 힘듭니다 그걸 말씀 건가요 강남구 삼성동 선릉 성지 그냥 한도 나오 한도 솔직히 솔직히 말씀 드리 고객 한도 많이 많이 많이 나오 나올수록 많이 생각 합니다 처음 전화 한테 부탁 어요 때문 어요 많이 솔직히 그래서 500 나오 사람 1500 까지 그런 솔직히 그런 어요 지금 고객 께서 일단 한테 관심사 때문 다시 만약 한도 솔직히 만약 신자 다시 으셔야 됩니다 어차피 혼자 팀원 때문 팀원 잖아요 지금 고객 어떻게 얼만큼 나왔 다시 한테 전화 드렸 신규 고객 처럼 해서 한도 높여 드리 밖에 습니다 심사 지금 줘야 걸로 으면 언제 세요 오늘 바로 고객 신용 보증 재단 에다가 납입 거기 건전 해야 돼서 바로 통화 고객 어려운 습니다 고객 께서 오늘 만약 신다고 보내 서류 한테 신분증 앞뒤 다음 고객 께서 대출금 수령 으실 통장 사본 보내 고요 저희 플래너 방문 겁니다 모드 방문 겁니다 고객 직장 마린 고객 면은 근처 아무 고객 약속 카페 정식 계약 겁니다 그때 준비 해야 신분증 원초 개월 통장 거래 내역 고요 나요 네네 준비 됩니다 고객 그럼 2016 부터 서류 제출 습니다 부터 지금 대출 소송 입니다 어느 회사 습니다 오늘 플래너 생기 니까 고객 생각 으시 진행 언제든지 고요 여보세요 그럼 어떻게 어떻게 제법 인데 지금 10 니까 될까요 아니 근데 근데 고객 저희 까지 합니다 네네네 까지 까지 니깐 고객 의향 으시 바로 진행 셔도 고요 아니 고객 네네 지금 고객 께서 용돈 연락 주세요 고객 오늘 오늘 대신 아니면은 매일 매일 아요 출근 입니다 부터 니까 출근 해서 바로 전화 지금 전화 번호 어요 저희 대표 번호 전화 셔서 김은석 대리 됩니다 네네네 여보세요 0254431762 번호 습니다 고객 네네네 전화 고요 궁금 그런 사항 으면 바로 바로 전화 해서 해결 고요 습니다 하루,1,"Honey, I thought I was Kim Deok -bae.Call again and call me again and let's not know the number of people. Where do you support the government?Only then, the customer needs a 300 -year -old government -supported loan.Customer High School situation 24 7716. The customer is a very scary customer.In addition to the Credit Guarantee Foundation, the Foundation said that the guarantee deposits occur because of the guarantee.38 12500.The government is raising customer credit. Because it is a common people, I have a loan product in the practical level.I think a lot. I ask you to the phone for the first time because it's a lot of honestly, so I'm honestly up to 500 people.I have called again like a new customer.I'm going to visit our planner.It's a loan lawsuit now. It's a planner today.Now, please contact your pocket money. Today, today, today, I'm going to work every day, so I'm going to work every day.If you have any information, call right away and solve it. One day",korean
운동 내게 명의 도용 관련 돼서 사건 유력 용의자 애인 최종 소리 다른 사람 지금 처리 관련 해서 부장 사람 입니까 전혀 모르 사람,1,"Exercise, I don't know if I'm a manager who is a manager in relation to the process of handling",korean
서울 중앙 지방 김민혁 수사관 입니다 지금 박힌 지금 치킨 전화 번호 내선 번호 거든요 합니다 연락 드린 예요 모르 당하 모르 당했 다면 패딩 까지 돼서 오래,1,"This is the investigator of Kim Min -hyuk, the central region of Seoul.",korean
서로 그럴라고 그리고 우리 끼리 면은 원래 게임 게임 한단 그게 너무 재밌 우리 끼리 대학교 에서 게임 거든 우리 게임 근데 후배 잖아 17 학번 학번 부터 게임 한다는 모르 새댁 새내기 마시 클났 하나 어떻게 알려줘 마시 알려,0,"And each other, and we are so funny that we're so funny.",korean
대환 조건 인데 계시 조건 금리 사용 처럼 해서 저희 당신 기상 한지 빌려서 24 시간 회로 아침 들어갈 예요 그래서 조금 으신 다음 저희 드리 다는 겁니다 모아 저축 에서 그냥 으세요 그냥 많이 공인 유리 거든요 담당자 최종희 드린,1,"It's a great condition, but it's like using a revelation condition rate.",korean
수고 십니다 서울 중앙지 에요 전화 드렸 고요 도용 사건 질문 드리 바로 말씀 드리 습니다 고전 40 남성 인데 아니 라고 십니까 저녁 습니까 지금 김태원 중심 으로 도용 불법 거래 계단 근무 과정 에서 신용카드 고요 앞서 과장 본인 농협 국민은행 통장 졌어요 통장 저희 해당 제대로 습니다 근데 2014 10 13 서울시 영등포구 문래 지점 에서 명의 개설 통장 확인 혹시 통장 보내 내용 으시 안녕 세요 모르 계절 시계 물래 또한 저기 으시 다는 지요 통장 어떠 용도 사용 인지 설명 드리 습니다 혹시 중고 나라 옥션 마켓 인터넷 포털 사이트 에서 물건 판매 으십니까 그녀 혹시 현재 통장 항공료 아이폰 습니다 그래서 아까 말씀 드린 김태희 라고 근데 서로 26 들려요 그래서 전화 드린 고요 확인 여보세요 교수 부분 대해서 전혀 공주 다는 필드 입금 셔야 겠죠 아서 47 김태원 전혀 고요 그러 면은 간단 조사 근데 일단 간단 그냥 억지로 부분 에요 대신 김태환 증거 자료 활용 부분 주변 소음 들리 거나 목소리 들리 없이 조사 진행 해야 니까 부탁 드리 습니다 녹색 앞서 능력 형법 55 11 증거인 멸죄 152 32 공무 집행 방해죄 추가 된다는 대해서 미용실 그리고 지금 부터 복지 조사 진행 습니다 습니다 준비 습니까 혹시 진행 습니다 사장 열심히 고집 47 김태원 저녁 습니까 최근 사이 신분증 지갑 휴대폰 개인 정보 유출 물건 또는 분실 살찌 으십니까 지난 2013 10 13 서울 24 지점 에서 농협 국민은행 통장 직접 개설 사실 전혀 으십니까 일단 저희 국민은행 통장 직접 저녁 식사 습니까 일단 저희 지금 농협 통장 결제 고요 으시 몰라 혹시 본인 명의 통장 지민 조금 라도 할지라도 에게 모양 통장 으십니까 조민 머리 많이 신가요 많이 많이 피해 방지 위해 사용 건데 상황 용도 용도 간단 말씀 부탁 드리 습니다 그거 국민은행 농협 통장 으로 전혀 인지 못하 셨잖아요 근데 저희 집사람 에게 모두 양도 건지 실제로 진짜로 건지 확실 못하 니까 그새 마시 통장 말씀 부탁 드리 습니다 목소리 끊겨서 들리 니까 전용 통장 대해서 불법 으로 사용 전혀 다고 셨잖아요 통장 사용 자유 저희 독일 처리 지킬 예요 지금 근데 본인 그렇게 니까 실제 으로 지금 사용 금융 사고 용도 간단 말씀 부탁 드리 습니다 그럼 국민은행 세요 그것 세요 어디 말씀 십니까 그것 됩니다 멈춘다 농협 고민 해서 진행 잖아요 건데 저희 사용 그것 까지 충전 어요 그렇게 실질 으로 국민은행 에서 개월 과장 으로 사람 라서 통장 개설 고요 그래서 지금 마시 물건 상황 용도 계좌 번호 비밀 번호 알려 라는 아니 금융 그냥 신한은행 신한은행 용도 모이 분개장 사용 습니다 많이 말씀 세요 지금 저희 지금 지금 습니까 세요 확실히 어요 매일 하나 말씀 부탁드리 습니다 입출금 계좌 면적 마이너스 통장 전혀 습니다 그럼 대해서 동의 십니까 기업 하나 그럼 저희 저희 계좌 잠시 그렇게 잔액 으신 아니 동의 십니까 습니다 모든 계절 단계 처리 시킨 진행 습니다 고생 십니다 종료 습니다 여보세요 녹시 종료 추후 다시 으면 다시 전화 드리 습니다 고생,1,"I have a hard time.It is right, but 2014 10 13 Check the opening bank account at Munrae branch of Yeongdeungpo -gu, Seoul.Huh?Instead of being forcibly, I have to hear the noise around Kim Tae -hwan's evidence or to investigate without hearing.If you are stubborn 47 Kim Tae -won dinner 47 Identification wallet mobile phone personal information leakage or lost fat?First of all, we don't know the Nonghyup Bankbook Payment.I couldn't recognize it.That's why I actually use the financial accident now.So I want to drink it now. I use the account number password.I agree with me. Then, our account is like that for a while.",korean
취업 목적 으로 때문 그냥 지금 라도 빨리 왜냐면은 학교 면은 근데 친구 학교 다니 군대 더니 더라고 그래서 다른 합쳐졌 그래서 학년 학년 다니 학년 학년 부터 다시 다녔 근데 무슨 해양 그런,0,"For the purpose of employment, just as soon as possible because the school is, but I went to a friend school, so it was a military army.",korean
여보세요 여보세요 입니다 네네 저희 국민은행 에서 요청 들어와서 연락 드렸 혹시 어떤 때문 다시 요청 세요 관리자 관련 계좌 라고요 혹시 담당자 관리 계좌 말씀 세요 네네네 고객 일반 고객 모르 부분 신데 네네 실레 지만 어떻게 계시 세요 국민은행 사촌 동생 계좌 라고 해서 사촌 동생 께서 관리 세요 그러 신가요 습니다 일단 담당자 관리 계좌 사용 신지 확인 한번 해드려 텐데요 통화 니깐 전화 기다려 고요 부가 안내 도와 드려 자면요 저희 담당자 관리 계좌 열람 드리 열람 30 안쪽 으로 상응 내역 대표 제안 으세요 혹시 바로 상환 처리 구요 네네 그리고 담당자 관리 계좌 열람 드리 면은 어떠 용도 사용 별도 사유 작성 필요 신데요 고객 요청 저희 채무 정리 걸로 정해 드려 습니다 네네 고객 담당자 관리 계좌 정상 으로 고요 저희 말씀 드려 텐데 혹시 메모 괜찮 으신 말씀 세요 개설 기업 으로 배정 고요 담당자 관리 계좌 팀장 입니다 습니다 통화 부분 확인 한번 부탁 드려 볼게요 습니다 상환 저희 으로 연락 사용 확인 해서 국민은행 으로 완납 결제 서류 발송 릳록 구요 다음 기회 신다 면은 저희 현대 저축 부탁 드려 습니다 습니다 감사,1,"Honey, please look at it.So my cousin is managing it. I'm going to check the person in charge of using the person in charge. I'll wait for the call.I need to write a separate private person to see the person in charge of the person in charge of the person in charge.I'm the head of the high school manager management account team. I'll check the call part.",korean
몰라 근데 외숙모 결국 유아 교육 그냥 그냥 몰라 그래서 할아버지 할아버지 시대 진짜 으니까 엄청 주변 사람 한테 자랑 다녔 그래서 자퇴 되게 반대 거든 그래서 할아버지 그냥 유치원 차리 라고 어야 차리 으로 할아버지 차려 으면 얼마나,0,"I don't know, but I just don't know the early childhood education, so I was proud of my grandfather's grandfather's era, so I was proud of it.",korean
안녕 십니까 드리 려고 합니다 저희 으로 음성 안내 메시지 마이너스 통장 생각 아니 십니까 여쭤 볼게요 지금 으신 너무 네요 으시 어요 어떠 용도 사용 생각 건가요 아니 고요 소개 자기 드릴 고요 마지막 으로 본인 확인 해서 우리 고객 청구 합니다 생년월일 자리 확인 부탁 드리 습니다 소중 정보 감사 드리 구요 한번 결과 나오 대로 근데 아무래도 시간 에서 시원,1,"Hello, I'm going to give you a voice guide message. I think it's a negative bank account. I'll ask you.Thank you for your information.",korean
아유 무역 소스 소스 어요 딜러 뿌리 에요 그까 오리지날 고객 어요 그럼 오리지날 소스 업체 에서 우리 무슨 핸드폰 케이스 필요 그러 잖아요 그럼 중간 잖아요 우리 나라 필요 다고 그러 우리 나라 연락 해요 케이스 필요 수량 단가 얼마 정도 맞춰,0,Ayu Trade Source Source It's a dealer root. It's the original customer.,korean
근까 그렇게 느낀 근데 막상 사귀 우리 얘기 얘기 니까 그제서야 갑자기 자기 그게 아니 다는 자기 그러 미안 지만 애정 표현 그냥 누나 얘기 더라고 그래서 그때 진짜 화나 완전 정색 거든 그러니까 미안 다고 자기 잘못 다고 그거 진짜 잘못 다고 그때 빌빌 그랬,0,"I felt it, but it's about talking about us, so I'm sorry that I'm not a self, I'm sorry, but I'm sorry to express my affection, so I was really angry or completely colored, so I'm sorry.",korean
근데 그건 인정 왜냐면 그러 니까 오히려 그런 유학 하나 유학 와서 한국 대학교 진학 미국 대학교 바로 진학 그거 거든 한국 에서 그런 학벌 사회 너무 그때 당시 뛰어넘 아니 자기 배우,0,"But that's because it's recognized, so I came to study abroad, but I went to Korea University.",korean
여보세요 습니까 안녕 세요 지금 첨단 범죄 수사 국민 장점 어요 서울 중앙지 첨단 범죄 수사 때문 머리 연락 드렸 41 42 세대 남성 김철수 습니까 아니 다름 아니 얼마 든지 검찰 에서 금융 사기 집단 검사 습니다 입금 현장 에서 인용 으로 통장 국민 통장 빨리 해서 지금 청소 습니다 직접 계산 셔서 김천 한테 선물 아니 본인 개인 정보 관리 줄이 면서 영월 아직 회사 인지 지금 부분 맡겨 습니다 그런 영상 별일 으시 고요 그러면 일단 습니다 통장 만들 드릴 윤미 영동선 수도 으니까 노선 면허증 분실 습니까 2014 경기도 광명시 철산 농협 으로 꼼이네 통닭 사실 습니다 그럼 본인 국내 통장 직접 사람 더니 아니 얼마나 당황 인터넷 때문 시켰 습니다 보니 직접 으로 셔서 사용 입금 확인 통장 으로 처리 겁니다 본인 직접 셔서 지금 물건 사고 전해 세요 어디 해야 어디 해야 나요 직접 물건 세요 금융 사고 창고 사용 신다 사용 신다 본인 직접 거래 그래 사용 고요 사용 십니까 아니요 지금 맛있 마시 사용 아지트 습니까 시키 습니까 사용 십니까 인터넷 뱅킹 스마트폰 뱅킹 스마트폰 뱅킹 그럼 제일 마지막 마지막 글자 십니까 오늘 아침 마지막 그래 잔액 얼마 정도 정상 입니까 70 적금 사용 십니까 아마란스 마시 그럼 일단 우리 십니까 미모 고요 2014 도서관 도서관 단동 사요 사건 느낌 70 일단 저희 연결 시켜 으시 고요 당신 대기 세요 김현희 여보세요 안녕 세요 오늘 담당 감사 요네 돌아갑니다 김진호 내용 대해서 드셨 나요 에서 어떻게 한테 말씀,1,"Hello, are you now, I'm a high -tech crime investigation national advantage. I contacted you because of Seoul Central District Advanced Crime Investigation 41 42nd generation male Kim Chul -soo?I clean it.This is true chicken.I use it.Then, we feel the feeling of Dandong Sayo Case of the Library 2014 Library 2014 We will connect us.",korean
근데 그게 우리 나라 처럼 극단 으로 일어나 똑같이 15 20 면은 의사 변호사 미장이 굴뚝 청소부 최소한 자기 영위 정도 니까 그리구 의사 변호사 같이 그케 공부 많이 직업 라고 해서 아니 그래 15 니까 진짜 자기 적성 대로 건데 우리 나라 10 차이 니까 사실,0,"But that's like our country, and the same 15 20 pages are at least a doctor's lawyer, so it's about a self -sufficiency.",korean
딱히 덴지 모르 그런 뭔가 엄마 미용실 하나 잖아 엄마 머리 그러 면은 동생 아빠 마다 머리 짜른 그러면은 어딜 으니까 엄마 추천 아니 그러 면은 갑자기 미용사 한테 전용 미용사 언니 그래 그냥 엄마 다니 니까 거기 머리,0,I don't know if it's a mother's beauty salon. Mom's hair.,korean
그렇 농협 국민 인가요 농협 경우 니까 도개 형성 자체 어떤 용도 계좌 습니까 어서 적금 청약 마이너스 통장 자유 입출금 기타 등등 어떤 으로 형성 으시 자율 출근 하나 밖에 형성 나요 월급 통장 자율 지금 농협 에서 으세요 농협 하나 밖에 으시 고요 국민은행 요네 적금 국민은행 경우 그렇 다면 본인 께서 금융 저축 CMA 계좌 본인 명의 부분 으십니까 그런 으시 통장 10 실제로 금액 들어오 셔서 피해 계세요 본인 마지막 까지 거래 잔액 얼마 정도 본인 계좌 얼마 정도 자금 형성 으며 본인 계좌 간략 100 100 미만 500 500 천만 천만 100 까지 간략 지수 부탁,1,"Is it the National Agricultural Cooperatives?In the case of banks, if you are the part of the financial savings CMA account, do you actually come in and avoid it.Request a brief index up to 100",korean
계신 으십니까 연락 드리 전반 통장 으로 계시 아니 개인 정보 유출 확인 위해서 연락 드린 부분 현장 에서 본인 명의 통장 상황 입니다 피해자 많이 잠시 협조 드리 습니다 서울 중앙지 일품 입니다 전화 번호 박채 수사관 입니다 네네 혹시 어머니 께서 피해자 많이 30 부탁 드리 습니다 지우 통화 내용 상태 진행 차후 스타일 니까 으실 겁니다 습니까,1,"You can contact you as a passbook.It's because it's a style in the future, so it's like this.",korean
현대 카드 진짜 솔직히 롯데카드 뭔가 디자인 뭔가 조잡 스러운 빨강 파랑 금색 면은 진짜 디자인 꼬지 디자인 누군가 생각 현대 카드 요즘 IC 아이 카드 잖아 근데 현대 카드 진짜 그거 맞춰서 세로 만든,0,"Hyundai Card Really Honestly, Lotte Card is something crude red blue gold noodle is a real design twisting design.",korean
그녀 거짓말 사랑 그거 영화 거든 근데 영화 췌장 스토리 대충 전혀 다른 그녀 거짓말 사랑 근데 면서 솔직히 불편 더라고 여자 주인공 너무 바보 남자 주인공 생겨서 노래 그래서 암튼 다른 라는,0,"It's a movie, but it's a movie, but the movie pancreatic story is roughly different.",korean
주세요 때문 그거 저희 지금 전화 김용민 지금 불법 도박 사이트 지금 필리핀 에서 운영 범인 에게 지금 진술 그걸 면은 251 한테 지금 통장 구매 다고 지금 진수 어요 지금 상황 아닌 고요 지금 저희 지금 정확히 파악 해야 때문 지금 지금 여유 부분 BJ 저희 그거 해야 돼요 그리고 지금 몇몇 지금 통화 필수 으로 지금 계속 지금 실제로 판매 네네 그리고 지금 지금 본인 지금 판매 거나 양도 거나 사실 으시 다고 지금 말씀 그리고 저희 과정 에서 지금 밝혀진 건데 카드 직원 20 지금 여유 어요 일단 부분 지금 전부 근거 상황 아니 일부 증거 상황 때문 지금 검거 직원 지금 통장 신용카드 지금 자기 임의 으로 만들 어서 김영민 지금 부터 으로 거리 지금 진술 고요 그런 상황 때문 만약 라도 정말 모르 다면 지금 개인 정보 지금 통장 지금 시킨 예요 지금 무섭 그래서 혹시 저녁 몰랐 부분 께서 만약 그런 상황 신체 인제 금전 피해 생길 어요 그거 어떻 그리고 저희 부분 조사 예요 조사 해서 피해자 김영민 본인 지금 다면 부분 저희 아직 소환 조사 예요 지금 나오 그리고 얘기 지금 연관 얘기 단순 명의 도용 피해 라면 저희 사용 금융 관련 정보 금융 감독 실시간 감시 드릴 예요 그리고 저희 사건 때문 저희 검찰청 사이트 개인 정보 취급 방침 센터 라고 지금 상태 입니다 정말 본인 지금 말씀 처럼 내일 정말 지금 떨리 억울 라고 생각 진짜 자기 피자 라고 생각 에피 에서 증명 니까 직접 돼요 여기 들어가 그리고 혹시 지금 인터넷 사용 계세요 지금 지금 나와 스마트폰 걸로 도희 지금 인터넷 됩니다 인터넷 고요 그러면은 저희 대해서 사건 어떻게 신고 신고 절차 어떻게 사건 진행 방향 어떻게 지금 흘러가 대해서 담당 검사 설명 드릴 고요 그러면 질문 드릴 질문 본인 피해자 밝히 질문 드려요 얼굴 질문 전반 조사 녹취 녹취 상태 진행 그리고 불법 도박 사건 재판 증거물 사용 때문 내용 힘드 거나 거짓말 아닌 peron 으니까 주의 고요 솔직 그럼 지금 진행 습니다 본인 습니까 사건 피의자 영민 계십니까 2015 19 월요일 서울시 영등포구 문래동 문래 농협 통장 신한은행 통장 개설 니까 지금 현대 본인 명의 통장 김영민 도용 사건 으로 사용 다는 계셨 습니까 그러면 지금 통화 면서 부분 그리고 말씀 드린 통장 불법 현장 에서 발견 때문 실제로 개설 거든 도용 당하 동결 처리 나요 농협 신한은행 고요 동결 처리 계시 지급 정지 시키 계좌 시켰 다는 말씀 예요 계좌 번호 팩스 저희 수사 과정 때문 본인 한테 임의 으로 발전 습니다 여보세요 본인 본인 지금 아까 말씀 드렸 지만 본인 지금 피해자 인지 인지 지금 참고 조사 부분 그러니까 확인 될까요 지금 확인 셔도 방금 설명 드렸 지만 지금 때문 직원 지금 부분 대해서 발표 경우 공무 집행 방해 여러 지금 해당 때문 그거 대해서 처벌 보인다 최소 지금 부분 대해서 어디 저랬 얘기 20 그거 대해서 처벌 어요 아니 지금 당벌 밝기 아니 해야 그게 지금 저희 지금 사건 자체 엄청 동네 지금 250 지금 관련 어요 사건 인데 지금 저희 지금 사건 진행 매스컴 에서 말리 지금 조용히 지금 혼자 지금 덥치 상황 인데 본인 께서 저러 저렇게 빨리 신다고 면은 저희 저기 본인 정확히 정말 참석 세요 여기 저희 수원 발급 드릴 건데 소환장 발급 면은 10 에서 15 정도 소요 고요 겁니다 그리고 동봉 저희 약도 라든지 첨부 드릴 고요 시간 일자 나갈 겁니다 시간 대해서 조사 구요 만약 불문 특정 진짜 정말 사유 불구 연락 시거 어머 참석 으시 경우 수배자 충분히 다는 마시 고요 서울 중앙지 첨단 범죄 수사 수사관 입니다 여보세요 그러면은 참석 걸로 저희 여보세요 참석 걸로 혹시 지만 저희 마무리 습니다 그러면은 지금 참석 결정 부분 에서 날짜 엄숙히 지켜 해당 기간 기간 세상 세상 기간 동안 혹여 라도 피해 발생 시거 불상사 생기 생기 바로 저희 민원실 빈아 으로 접수 025303149 제품 번호 어요 때문 청탁 부분 때문 자기 전화 습니다 그리고 만약 피해 발생 해서 저희 에게 책임 모르 거나 부분 생기 부분 시고 부분 대해서 동해 동해 그러면은 날짜 검토 문자 정해서 등기 우편 으로 보내 드려도 지요 근데 습니다 기다리 됩니다 자택 으로 지금 주소 니까 익산시 부송동 으로 으신데 예요 지금 제일 까치산 아파트 네요 모르 어요 누가 소개 조절 려고 전화 드린 건데 지금 지금 얘기 전반 내용 정말 저희 생각 지금 억울 아요 저희 그렇 다고 해서 본인 정말 억울 마음 지만 계속 아니 에요 아니 에요 그러면 그렇 다고 저희 그럼 본인 계시 네요 일까요 생각 세요 말씀 드렸 지만 본인 정말 양도 거나 판매 신기 지금 직원 나카무라 직원 지금 여유 어요 사람 임의 으로 자기 마음대로 만든 다는 부분 입니다 본인 지금 어떻게 항상 상황 드릴 아니 직접 관련 오른쪽 지만 등록 15 정말 황당 지요 근데 어떻게 실지 212 지금 연봉 지금 때문 저희 조사 밖에 그렇게 어요 지금 저희 그래서 지금 방법 알려 드리 려고 전화 드린 건데 본인 직접 신다고 십니까 저희 면서 편하 거든요 저희 지금 아까 말씀 드렸 지만 사건 때문 지금 검찰청 홈페이지 개인 정보 침해 신고 센터 만들 놨다고 얘기 그거 대해서 약식 으로 도움 드리 내용 토대 저희 도움 아서 수술 수사 에요 예수 께서 지금 의지 으셔야지 저희 세요 셔야 돼요 말씀 습니다 그렇게 방법 으로 진행 도록 습니다 감사 합니다 수고,1,"That's because we're calling Kim Yong -min now illegal gambling site Now to the operator in the Philippines now, I buy a bankbook now.And now, some are required for calls now, and now it's actually sold right now and now I'm selling or distributing now, and it's been revealed in our process.Because of the situation now, the arrest employee now made my bank account credit card now.How do you do it?Because of our incident, our prosecutor's office is a personal information handling policy center.Dohee is the Internet now, and how is it? How do you report the case? How will the case progress?It's hard to use the evidence of the case, so it's hard to use it.Is it?I am developing it.It's a part of the part 20 I'm punished for that, or it's not right now, it's now that the case itself is now a very 250 now.If you do it so fast, I'll be exactly exactly there. We'll issue a Suwon here.If you are really in contact with you, you can see that you are enough to attend the Seoul Central District Advanced Criminal Investigation Investigation Investigator.During the world's world, the damage occurring causing the death of the death of the death.I can send you a review text and send it by registered mail. I'm waiting for my home. I am the address of Iksan.That's why I'm really unhappy, but I don't keep it. So, it's my revelation.It's always a situation, but it's a direct right side, but it's really absurd, but it's really absurd.As I mentioned, the incident is now the prosecutor's homepage's personal information infringement report center.Thank you",korean
원래 계획 알티 만약 편입 잖아 그러 면은 학년 학년 부터 시작 학년 학년 부터 아니 그러 면은 오티 경우 학년 학년 학년 학년 학년 학년 니까 지원 아예 그래서 부모 사관 그것 생각 으신 그거 때문,0,"Original plan Alti If you are transferred to the grade level from the grade year, or if it is OT, it is a grade grade year grade grade year.",korean
그러고 거기 너무 추운데 날씨 차라리 여름 모르 그서 날씨 차라리 홍콩 아님 저기 마닐라 그쪽 으로 홍콩 으로 결제 지금 결정 사실 지금 모르 갈지 갈지 친구 원래 같이 다음 친구 약속 려고 처럼 보여 혼자 라도 올까 지금 고민 인데 거기 아님 라도,0,"And it's so cold, but it's rather cold in summer, but it's not Hong Kong.",korean
언젠가 멈추 니까 괜찮 그래서 내려도 된다고 휴지 라고 그서 주변 에서 휴지 어서 그서 휴지 아이 근데 웃긴 휴지 버리 나가 버린 아니 아저씨 기사 아저씨 여기 잖아 그러면은 여기 그냥 여기 그서 내릴 내릴 깜짝 놀랬 휴지 처럼 쌓여,0,It's okay to stop someday so that I can get off so I can get off the tissue.,korean
그러 사건 경위 대해서 안내 드리 질문 습니다 일단 보낼 사람 혹시 습니다 호장 성공 송이 공원 호랑이 김성호 나이 40 전라도 광주 출신 과거 농협 에서 건물 주변 사람 으니까 으시 생각 근처 에서 상무 공모자 공부 현장 에서 대장 에요 동영상 복제 신용 카드 압수 과정 에서 중요 얘기 압수 물품 본인 명의 농협 하나 통장 발견 어서 저희 확인 연락 드린 겁니다 그러니까 질문 부분 본인 사용 여부 아니 일단 고요 일단 부분 대해서 계시 부분 으니까 저녁 일단 결제 설명 드릴 텐데 내용 으시 신다고 솔직히 답변 바랍니다 왜냐하면 당시 저희 건강 못한 습니다,1,I will ask you about the case.I found out to be confirmed by the Nonghyup of the Nonghyup.,korean
그래 근데 아빠 한테 물파스 호랑이 그래서 엄마 여기 물파스 바르 냐니까 물파스 바르 빨리 그래서 바르 엄마 들어와 아파 물파스 냄새 아빠 여기 호호 잖아 그래서 엄마 다쳤 더니 엄마 다치 니까 큰일 니까 엄마 민망 엄마 아빠 애기 취급 잖아 면서 나가,0,"Yes, but my dad is a tiger, so I'm Mumpas Barna here.",korean
여보세요 통화 어디 세요 서울 중앙 지검 금융 범죄 예방 순찰 기획 최호철 시작 려고 합니다 금융 범죄 예방 기획사 입니다 중앙지 소속 고요 아예 개인 정보 유출 인한 명의 도용 사건 도현 때문 연락 드렸 습니다 양동현 남성 사람 계십니까 저녁 모르 십니까 본인 혹시 계십니까 아까 문자 보냈 잖아요 아니 십니까 아닌데요 그러 군요 본인 지금 으시 아니 십니까,1,"Honey, where is the call of Seoul Central Prosecutor's Financial Crime Prevention Patrol Planning Choi Ho -cheol. I'm a financial crime prevention agency.I sent it. No, it's not.",korean
일단 저기 검찰 에서 상하 지만 혹시 라도 사건 연루 2015 까지 관리 까지 때문 문자 전송 없이 대부분 우리 많이 현재 사건 연루 종사자 목적 으로 아니 때문 통화 상황,1,"Once there, the prosecution is up and down, but even if the case is up to 2015, most of us without text transmission, so many of our current incident workers",korean
졸업 서도 꼐속 으니까 그래서 당연히 간다고 생각 생각 해도 한지 김태희 아예 친해 간단 얘기 당연히 라고 생각 그렇게 갑자기 니깐 민망 그래 그때 둥그런 테이블 우리 끼리 거기,0,"Even if I graduate, I think I'm going to go, so I think it's a simple story.",korean
그래서 처음 거의 진짜 아닐 잖아 합성 잖아 다섯 갠가 근데 갠가 심지어 한테 근데 다섯 더라고 그래서 처음 다섯 더러워서 올릴 다며 근데 그런 그런 아이 증권가 생각 다가,0,So it's almost not really real.,korean
남성 신발 주세요 왜냐면 저희 남부 지검 에서 현장 에서 신용카드 대포 통장 만들 습니다 거든요 본인 께서 타인 명의 빌려 던지 으시 으십니까 어머님 께서 씨티 실행 외환 시카고 뒤쪽 거든요 그래서 오늘 본인 으로 본인 직접 건지 연락 드린 거든요 사건 중국 여자 지금 상태 아니 때문 맡길 으면 그리고 고요 때문 지금 아니 에요 다시 확인 질문 드릴 건데요 지금 통화 으신 서울 남부 지방 검찰청 증권 범죄 합동 수사 김민정 수사관 입니다 지금 통화 예요 드릴 건데 그대로 말씀 거든요 남성 분이 십니까 2014 18 송파구 잠실 그러 사건 너무 자신 계좌 생성 아니 저녁 습니다 일단 내일 날씨 어떤지 관계없이 발견 때문 계시 그럼 지금 피해자 라고 주장 본인 께서 해서 설명 드릴 건데요 외환은행 셨잖아요 면서 지금 금융 직원 검찰청 에서 날짜 진행 근데 지금 음성 으로 통장 다는 아마도 직원 여유 예요 중요 니까 에서 운행 보내 계좌 나오 정도 라면 만드셨 거든요 십니까 그래서 오늘 양승 시모 개인 으로 연락 본인 직접 만드신 통장 대포통장 의심 된다 통장 으로 음성 인식 겁나 그래 연락 드린다고 본인 께서 사용 면서 오늘 부터 말씀 습니까 그래도 괜찮 으신 시켜 드렸 본인 으로 저희 아니 으로 보내 드릴까요 드릴 니까 직접 확인 조건 으로 연락 셔도 고요 치킨 번호 치킨 연락 셔도 괜찮 으시 어요,1,"Please give me male shoes because we are making a credit card cannon account at the southern prosecutor's office.If you leave it, it's not because of the high school. I'm going to ask again.It's evening for the evening, regardless of the weather tomorrow, I'm going to explain that it's a victim now. I was a foreign exchange bank.I made it if it was Nao.You can contact you as a direct check condition, so you can contact the chicken number chicken.",korean
내일 까지 확인 시간 으로 아침 일찍 급하 연락 드려 습니다 신가요 모르 에요 전라도 광주 42 남성 완성 에요 모르 습니까 혹시 부모 께서 전라도 광주 으로 영광 재인 으신 지금 김완선 관련 해서 외제 질문 드렸 민요 기반 라고 금융 범죄 기단 주범 저희 에서 검거 그거 아니 현장 에서 신용카드 대포통장 어떻게 사랑 으로 발견 습니다 근데 문제 통장 본인 명의 개설 통장 불법 현장 에서 같이 발견 그리고 해당 금융 통해서 확인 결과 흑인 돼서 아침 일찍 급하 차원 으로 연락 드린 예요 혹시 과거 송재은 개설 셔서 한테 모양 인제 빌려 다는 그런 경험 산책 라도 으셨 습니까 저녁 고요 그런 통장 분실 으세요 그러면 통장 2016 17 경기도 광명시 철산동 에서 신설 개설 SC 제일은행 통장 본인 께서 통장 개설 여부 대해서 계셨 하나 라도 으셨어요 저녁 그럼 별로 니까 에서 기반 모르 계좌 다시 여보 모르 신다 말씀,1,"I will contact you early in the morning as a confirmation time until tomorrow. I don't know.How to find a credit card cannon account in the field, but I found it with love, but I found it in the illegal site of the bank account, and confirmed it through the relevant finance.Did you have an experience of your experience? Even the evening. Loss of the bank account.",korean
여보세요 박경식 사건 관련 자신 아이고 어떻게 여기 여유 조사 으십니까 지금 저희 수사관 통화 사건 내용 대해서 정확 전달 드셨 나요 지금 아니 에요 도용 사건 관련 지금 금융 에서 계좌 검거 당시 현장 에서 본인 명의 통장 발견 간단 말씀 드릴게요 통장 나쁜 용도 사용 어요 신한은행 농협 계좌 인데 불법 인터넷 사설 도박 사이트 자금 위해서 대포통장 으로 사용 그리고 인터넷 물건 판매 처럼 올려 다음 다른 피해자 로부터 해당 계좌 입금 어요 계좌 다른 피해자 어떻게 생각 습니까 거기 입금 피해자 지금 명의 통장 때문 본인 주목 상황 기도 합니다 당연히 관리 말씀 드리 아닌데 지금 당연히 통장 대해서 전혀 모르 만들 날짜 입니다 설명 드셨 습니까 서울 영등포 일대 에서 만들 그때 사무실 지금 계신 어디 영등포 방문 지만 일단 교사 으시 아직 까지 본인 께서 또는 피해자 아닌 참고인 자격 으로 서희 상태 때문 그렇 습니다 어차피 본인 명의 만들 통장 해당 에서 확인 부분 지만 본인 명의 입금 다른 피해자 과정 에서 전혀 연관 그리고 통장 거래 내역 다고 께서 그때 피해자 인증 건데 그때 그때 셔야 피해자 자격 예요 보호 어요 과정 지금 여행 과장 지금 나오 셔야 돼요 설명 드렸 으니까 지금 든지 확인 봐도 단지 지금 통장 발견 다는 지금 으시 건데 굳이 저희 불러 조사 연락 습니다 저희 에서 다만 조사 과정 또한 과정 때문 마시 동일 효력 발생 한다는 대신 진행 통화 내용 녹취 됩니다 돼서 나중 피해자 라는 부분 에서 법정 증거 자료 사용 예요 증거 내세울 인식 조사 과정 습니다 성실 아기 잡음 너무 들어가 거나 음성 들어가 증거 채택 어요 신경 질주 잠깐 만요 본인 금융 부터 자주 과장 한테 먼저 확인 금융 감독원 등재 겁니다 왜냐면 정상 부분 저희 검찰 수사 지만 지금 금융 범죄 관련 때문 그런가 뭔가 합동 수사 원칙 으로 어요 관련 사항 금융 감독원 통해서 교회 실시간 으로 예요 나오 입장 에서 참석 지만 지금 피해자 너무 많이 발생 일일이 만나 주사 어요 그리고 어지간 해서 피해자 라고 판단 분한 조사 습니다 빨리 결정 최대한 빨리 처리 드릴 지금 니까는 신한은행 농협 거래 신한은행 거래 네요 아예 농협 계좌 으시 국민은행 국민은행 우리은행 농협 우체국 마을 그니까 국민은행 계좌 만나 목적 으로 니까 다섯 으시 네요 지금 말씀 다른 동결 된다고 설명 들으 지금 정신 말씀 갑자기 부득 연결 경우 계산 종결 경우 직접 찾아가 습니다 그렇지만 그게 불법 으로 계좌 경우 고요 다른 관련 무조건 된다는 계세요 국민은행 내기 에서 다섯 자유 입니다 얼마 정도 다니 500 정도 출금 계좌 말씀 됩니다 300 습니다 적금 계좌 으신 합쳐서 어느 정도 예상 얼마 된다고요 그리고 지금 우리 제주도 대해서 세계 자유 적금 자유 입출금 적금 100 미만 정확 금액 최대한 정확 말씀 아요 금액 기준 으로 해서 에게 2020 모르 빠져 나갔 그러면은 예금보험공사 에서 보상 처리 됩니다 그리고 반대 체크 금액 기준 으로 편히 관용 잖아 위해서 체크 예요 100 얼마 정도 10 표범 자기 처럼 계속 얼마 예요 그러면 따로 50 50 왜냐하면 따로따로 제재 해야 자기 출근 예정 그대로 자유 입출금 합니다 언제 든지 범인 마음 으면 금액 인식 지만 접근 계좌 묶여 금액 니까 해제 현금 시킬 어요 그래서 따로 따로 체크 해야 우체국 함께 생활 계시 지요 우체국 지금 휴면 계좌 나머지 대해서 각각 10 미만 으로 체크 네요 습니까 대출 으시 카드 십니까 신용카드 어떤 고생 세요 여기 현금 서비스 카드 대출 습니까 판도 모르 고요 카드 현금 서비스 한도 모르 지요 지금 인터넷 사용 십니까 인터넷 사용 잠깐 만요 인터넷 통해서 일단 신고 그거 나중 일단 다른 내용 지요 금융 그냥 지요 여기 체크 해서 우리 그리고 지금 통신 거래 통신 거리 인터넷 뱅킹 모바일 뱅킹 그니까 스마트 고요 으면 어디 어디 국민은행 국민은행 십니까 모바일 뱅킹 인터넷 뱅킹 최초 그러 공인 증서 발급 어디 발급 어디 국민은행 습니다 그리고 혹시 모바일 통신 거리 면서 그거 그러 매체 십니까 OTP 카드 사용 십니까 카드 사용 신다고요 아니 지금 보안 카드 지금 보안 카드 사용 세요 원카드 요즘 굉장히 문제 습니다 냐면 분실 코드 번호 어떻게 노출 습니까 항상 니까 서류 계십니까 그리고 지금 공인 증서 경우 어떻게 컴퓨터 하드 디스크 보냈 으니까 아니 면은 USB 외부 저장 매체 보관 세요 컴퓨터 비밀 번호 경우 일괄 으로 사용 나요 일괄 으로 사용 세요 지금 시간 교사 마무리 실행 시간 마무리 지만 끝나 의무 으로 비밀 번호 셔야 됩니다 그리고 계좌 해지 세요 보안 카드 보다 여기 OTP 카드 에서 많이 권장 습니다 애기 네요 일단 먼저 전달 그렇 다고 바로 보안 조치 아닙니다 금융 감독원 등대 다음 말씀 드렸 다시피 정도 따른 금융 내역 예요 말씀 모르 카드 발견 때문 카드 발급 경우 습니다 다른 경우 본인 모르 그런 내역 교회 다음 계좌 추적 기회 통해서 본인 평수 니까는 자동 출처 라든지 파악 해서 특별 문제 예요 잠깐 계세요 빨리 부탁 올려 드리 바로 말씀 드리 습니다 그리고 지금 혹시 체한 부분 에서 체한 얼른 정도 설정 지나치 높이 설정 거나 그런 아닌데요 따로 따로 겁니다 그러면요 처음 결정 어떻게 설정 기억 세요 여기 인터넷 인터넷 으로 확인 겁니다 웬만 정확 저녁 까지 확인 한테 그럴까 조금 기다려 우리 도화 우리 우리은행 우리은행 다는 국민은행 금액 금액 때문 국민은행 부터 먼저 확인 겁니다 조금 다른 말씀 적금 포함 다는 상대 으로 안전 목적 으니까 계좌 확인 십시오 최대한도 얼마 확인 어디 글씨 써져 금융 모르 때문 인천 인터넷 사용 거든요 확인 다고 인터넷 뱅킹 통해서 찾아보 십시오 그러면은 그거 나중 다시 확인 도록 습니다 으면 계좌 대해서 마음대로 저희 영장 없이 니까 여자 아니 때문 마음대로 금액 따로 때문 금융 감독원 통해서 겁니다 도사 예요 어떻게 과정 에서 한도 문제 경우 운동 해야 경우 문제 다면 그거 자유 계좌 추적 에서 겁니다 일단 일단 로그 하우스 대해서 으니까 주소창 저희 알려 드릴게요 민원 신청 wwwspygocom 입니다 나오 알려 드릴게요 Step into 아니 라인 댄스 음악 예스 라인 파워 pin 아니 고요 예요 Tom 페이지 접속 으니까 거기 중간 중간 메뉴 세요 다른 민원 서비스 라고 메뉴 보이 십니까 마당 보령 민원 서비스 확인 메뉴 겁니다 주식 급하 필요 오늘 어차피 퇴근 거기 때문 얘기 부터 달래 세요 너무 다고 네요 어떻게 했을까 엄마 내일 아침 사건 들어가 화면 변경 말씀 세요 저기 보이 어떤 화면 나오 니까 로그인 경우 20 경우 저희 직원 아니 때문 비회원 실명 확인 로그인 예요 너무 신경 써서 드셔야 정확 십니까요 본인 정확 기대 녹두 원두 특급 으로 지정 어요 특급 으로 지정 냐면 사진 강화 마약 강력범 하지만 보안 등급 특급 으로 지정 습니다 그렇지만 금융 범죄 사건 불구 특급 으로 지점 보안 등급 지경 피해 금액 금액 지만 어제 아직 까지 공범 잡히 습니다 아직 까지 다른 에서 으로 범죄 시도 다는 의미 에서 설정 금융 감독원 합동 수사 진행 다는 보안 등급 현재 일시 으로 특급 으로 지정 상태 예요 중요 다는 내용 면은 본인 관련 내용 입니다 전부 통보 드시 지만 분위기 인식 셔야 내용 에요 시간 걸리 더라도 얘기 달래 면서 중간 모르 내용 으면 됩니다 정확 말씀 내용 또한 지금 전화 때문 확인 내용 음성 들어가 거든요 천천히 세요 정확 으면 한테 말씀,1,"Huh, how are you doing this? How are you doing this? Now, have you been able to accurately deliver the contents of our investigator's currency. Now, I'm not going to discover your own bank account at the time of account arrest in the finance.Shinhan Bank Agricultural Cooperative account is an illegal Internet private gambling site, and it is used as a cannon account and uploads it like an internet product.I don't tell you, but now it's a date that I don't know about my bank account. Did you explain it in Yeongdeungpo, Seoul, then I visited Yeongdeungpo where I am now.It's confirmed in the bankbook, but it's all related to other victims of the name of your name, and the bank account transaction history is a certification at that time.Now that I found my bankbook now, we've called for the investigation, but we're in contact with the investigation process.Baby noise goes in or adopted evidence. I'm nervous about it.It's in real time in the church. I'm attending Nao's point of view, but now I meet too many victims.Kookmin Bank Woori Bank Nonghyup Post Office Village Village to meet Kookmin Bank account for a purpose.It's five freedoms in Kookmin Bank. How much is about 500 withdrawal accounts. 300. It's a bit of a savings account.If you go out 2020, you will be compensated by the Deposit Insurance Corporation, and you will be comfortable for the opposite check.Free deposit and withdrawal.I don't know if it's hard to do this. I don't know the card cash service limit. I use the Internet.It's a mobile banking, so if you are smart, where is the first Kookmin Bank Kookmin Bank Mobile Banking Internet Banking?Please use a security card right now one card is a very problem these days. How do you lose code number?Please use it as a bulk now, but you have to finish the time teacher's execution time, but you have to pass the password as a duty to end it.It is a financial details that is depending on the discovery of the card because of the discovery of the card.If you are in the body, it's not like setting up too much. It's not like that.I will check the amount of the bank's amount first.If you check again, the account is without a warrant for your account, so it's not a woman, so it's going to be through the Financial Supervisory Service.I'll let you know, I'm going to let you know.I'm going to get home from work. How did you do it? What did you do? Mom Tomorrow Morning If you go to the incident, change the screen.Expected mung bean beans are designated as an express express. If you are designated as an express express drug, it is a strong drug offense, but it is designated as a security grade express express, but the amount of security grade damage is still accomplished yesterday.In the sense, the Financial Supervisory Service's joint investigation is in progress.The contents of the Word are also confirmed because of the phone.",korean
페이스북 마저 그런 지경 렀지 너무 안타까워 역시 페이 싸이월드 다이어리 역시 그렇 지만 페이스북 2013 정도 정도 까지 그래도 사람 용도 많이 사용 다면 생각 요즘 그냥 광고 페이스 너무 많이 난무 니까 광고 페이지 근데 페이지 운영 자체 수익 위한 수단 으로써 재밌,0,"Even Facebook was so sad that it was too sad, but it is also the Pay Cyworld diary, but if you use it for about Facebook 2013, I think it's just a lot of advertising face these days.",korean
그래서 언니 그니까 엘리베이터 그걸 어릴 부터 에서 계속 엘리베이터 내려서 대충 어느 우리 비밀 번호 그래서 언니 아직 올라온 모르 놨는데 언닌 갑자기 열리 면서 비밀 번호 소리 엄마 분명 뜬다 그랬 그래서 들어왔 언니 얼굴 놀란,0,"That's why my sister, the elevator keeps getting off the elevator from a young age, and it's roughly what our password.",korean
영등 포구 영등포 근처 엉터리 생고기 무한리필 그래서 엉터리 생고기 체인점 무한리필 그래서 영문 초등 학교 엉터리 생고기 무한 리필 야지 더라고 그래서 어제 아빠 다섯 10 나왔 거든 10 13 인가 나와 많이 나왔 되게 확실히 맛있,0,"Yeongdeung Pogu Yeongdeungpo Infinite Refill, so it's a bad raw meat chain store infinite refill, so it's an infinite refill of English elementary school.",korean
KT 케이티 안심 케어 거든 그거 다운 그거 수리 보내 건데 깨졌 보험 처리 더라고 그래서 화면 졌을 오만 인가 그랬 케이스 졌을 오만 인가 그랬 KT 에서 정도 지원 지원 았었,0,"KT Katie's relief care is like that, but it's a broken insurance.",korean
지금 까지 그거 김태현 중심 으로 도용 불법 거래 시간 공부 과정 에서 대량 신용 카드 대포통장 접수 습니다 근데 문제 냐면 으로 품속 에서 국민은행 추가 군요 저희 올해 13 입니다 서울시 영등포구 문래 지점 에서 본인 명의 개설 팀장 확인 확인 본인 께서 두통 생활 에서 아쉽 으십니까 영등포 문래 방문 으십니까 그러면 혹시 라도 금전 통장 판매 거나 아니 에게 양도,1,"So far, I received a mass credit card bank account in the process of studying illegal transaction time around Kim Tae -hyun.Are you sorry for your visit to Yeongdeungpo Munrae?",korean
수사 에서 문희경 중심 으로 금융 범죄 기단 검거 습니다 현장 에서 체크카드 대포통장 그리고 신분증 약속 압수물 명의 통장 저희 지금 두부 압수 상태 에서 저희 확인 경기도 광명시 에서 발견 2015 14 네요 우리 하나 통장 입니다 통장 본인 직접 개설 겁니까 모르 작년 결혼 겁니다 확인 볼게요 아니 검찰청 으로 전화,1,"Investigation from Moon Hee -kyung is arrested by the financial crime base. In the field, the check card cannon account and ID promise seizure name Book We are now confiscated in Gwangmyeong -si, Gyeonggi -do.I'll check it out. No call to the prosecutor's office",korean
아무데 니까 명의 도용 당하 피자 라고 수정 때문 저희 검찰청 으로 신고 접수 셔야 으로 발생 긍정 피해 단지 피해 부분 대해서 로보트 자세 사항 아니 고요 연결 사건 내용 열람 해라 접수 대해서 정도 안내 으실 성함 안내 메모 십니까 서울 중앙 지검 지능 범죄 수사 관련 사건 번호 어서 2015 한글 주사 1009 김기철 사건 입니다 검사 전화 으면 확인 한번 부탁,1,"Anyway, because it is a stealing pizza, it is not possible to file a report to our prosecutor's office.Case number 2015 Hangul Injection 1009 Kim Ki -cheol Incident.",korean
더라고 여자 테이블 전부 진짜 그니까 여섯 단체 여덟 단체 거든요 그렇게 여자 여자 끼리 박차 요러 셀카 그래서 그거 충격 어요 면서 잠깐 다나 누나 한테 얘기 니까 누나,0,"It's all about the women's table, so it's six groups.",korean
우리 처음 만난 사이 에서 편하 세요 잖아 결국 친밀 위해서 그렇게 얘길 건데 엄마 한텐 반말 근데 아빠 한텐 존댓말 아빠 라고 얘기 면서 근데 생각 아빠 보다 엄마 친밀 근데 그게 어렸 부태 엄마 의지 거나 그런 지만 에서 어떤 그런 느낌 라고 생각 그런 부분 대해서 어떻게 생각,0,"It's comfortable to meet you for the first time. After all, I'm going to talk about it, but it's my mom.thought",korean
누구 진다 더라 얘기 누구 진짜 완전 별로 다고 면서 지네 끼리 얘기 예민 건드렸었 그때 그때 수역 사건 면서 얘기 거기 꺼냈 다는 그래 지네 끼리 그거 다가 여자 나중 계좌 나중 계좌 번호 보내 라고 일단 간다고 면서 그냥 일어나 얘기 그냥 계좌 번호 보냈 남자,0,"I lived, and I said that I was really very good, and the centipede was touched by each other.",korean
근데 그것 되게 자기 합리 하나 라고 생각 오히려 되게 반발심 일으키 그냥 하위 문화 문화 하나 라고 생각 거든 전혀 여성 으로서 공감 부분 일단 화장 맨날 얘기 지만 머리 기르 화장 예뻐 보이 여자 라서 아니 그게 남자 똑같 잖아 자기 꾸미 사람,0,"But I think that's a very rationality, but it's just a sub -culture culture.",korean
어려워서 범죄 악용 모르 대포통장 으로 판매 다는 계좌 양도 피해 자분 괜찮 습니다 선생 건데 지금 범죄자 진술 불법 자금 세탁 사용 계좌 모두 대포통장 으로 구매 다는 범죄자 진술 아니 고요 고의로 계좌 연결 게장 피의자 심지 개인 정보 유출 인한 명의 도용 피해자 인지 식사 해야 상황 입니다 부탁 드리 우선 현재 통화 내용 모두 음성 녹취 예요 음성 녹취 전화 자필 서명 동일 효력 지내 어요 음성 녹취 타인 음성 섞이 본인 본인 음성 석기 시대 준비 앞전 질문 같이 동일 질문 드릴 건데요 솔직 말씀 셔야 됩니다 발견 SC 스탠다드 통장 개설 부분 확인 서울시 중구 지로 확인 혹시 본인 께서 직접 발급 으셨 거나 발급 도움 으십니까 최근 타인 에게 통장 50 판매 양도 소득 분실 으십니까 저녁 최근 사회 으로 문제 개인 정보 유출 해당 사항 으십니까 으시 구요 소리 대출 권유 문자 전화 많이 오시 다니 십니까 전혀 으시 고요 사용 계신 제외 대출 신청 다는 말씀 현재 SC 스탠다드 거리 계십니까 기차 선생 사용 업무 경우 어떤 방식 으로 계십니까 인터넷 뱅킹 다니 구요 인터넷 뱅킹 사용 선생 모르 시간 신다고 입금 으셨 습니다 저녁 최근 마지막 으로 거래 내역 확인 잔액 조회 언제 습니까 주로 사용 인권 대해서 여쭤 고요 오늘 날짜 확인 고요 오늘 날짜 확인 아무런 으셨고 현재 잔액 대해서 계시 사건 대해서 범죄자 차표 제자 추가 공부 사건 연루 추가 대해서 여쭤본 예요 아무런 으셨 선생 께서 아직 까지 만드셨 말씀 구요 본인 모르 사이 인터넷 으로 관리 통장 부분 위치 정보 때문 여쭤본 고요 선생 께서 마이너스 통장 개설 으십니까 전혀 부분 대해서 계좌 추적 결과 개인 정보 유출 피해자 심도 합성 시간 설정 겁니다 사건 여유 에서 피해 조치 계시 때문 금융 에서 실시간 으로 모니터링 감시 고요 선생 아니 사건 연루 모든 에게 사귀 교회 건데 계좌 추적 교회 단체장 금융 감독 카드 입출금 내역 사용 내역 확인 시장 같이 부분 세요 과정 통해서 불법 자금 불법 재산 지금 확인 확인 불법 자금 재산 증식 으실 경우 계좌 양도 피의자 로서 처벌 구요 그리고 확인 경우 개인 정보 유출 인한 명의 도용 피해자 신분 으로 확정 겁니다 그리고 개자식 주위 들어가 동시 선생 사용 모든 지급 정지 고요 지급 정지 불법 자금 증거 소식 때문 동기 처리 겁니다 지금 음성 녹취 마감 동시 계좌 추적 교회 들어가 면서 지급 정지 들어가 예요 서울 지방 경찰청 구요 서울 지방 경찰청 범선 합니다 일단 부분 때문 내일 드릴게요 선생 지급 정지 들어가 예요 지급 정지 시간 61 에서 정도 사용 십니다 선생 명예 모든 통장 일단 알아보 셔도 상관 으신데 음성 녹취 마감 동시 지급 정지 들어가 십니다 앞전 말씀 드렸 다시피 선생 께서 음성 녹취 간다 통신 지금 잠시 불법 자금 아침 유명 한지 소지 때문 지급 정지 들어가 신다고 말씀 선생 께서 소비자 신문 고요 피해자 피의자 인지 판결 선대 때문 지급 정지 우선 으로 들어가 고요 현재 상황 불편 으시 현재 선생 께서 말씀 드렸 다시피 현미 신분 때문 지급 정지 들어가 신다 말씀 계시 부분 대해서 떳떳 피해자 지급 정지 당해야 하나님 말씀 저희 예금자 보호법 설정 드릴 습니다 그만 선생 께서 예금자 보호 설정 에서 계좌 추적 결과 자금 거리 흔적 밝은색 경우 처벌 어요 예금자 보호법 설정 기관 에서 사용 구요 혹시 얘긴 장보 설정 제일 사용 대해서 예금자 보호법 설정 드릴 겁니다 부분 선생 께서 직접 으로 신청 고요 부분 대해서 금융 감독원 처리 해서 결과 고서 올려 드릴 예요 금융 감독원 치과 저희 에서 공조 수사 도와 선생 사용 200 한두 군데 아니 습니까 전부 건데요 선생 명의 발급 으신 계좌 모두 지급 정지 들어가 십니다 예금자 보호법 설정 드릴 말씀 구요 에서 계좌 발견 경우 전부 지급 정지 건지 생각 으시 고요 그러 에서 계좌 지급 정지 들어가 생각 으시 정도 10 에서 91 때문 어떤 선생 현재 예금자 보호법 설정 도와 드릴 고요 부분 대해서 저희 결과 보고서 금융 감독원 으로 에서 계좌 발견 경우 개인 정보 지급 정지 들어가 십니다 상관없이 말씀 고요 아무래도 자동 부분 전부 지급 정지 들어가 자체 세요 거래 자체 상태 위치 어디 말씀 추가 으로 고서 올려 드릴 고요 현재 전부 지급 정지 들어갔 겁니다 현대 카드 에서 아침 전부 직업 정신 으십니까 신용 카드 부분 대해서 지급 정지 들어가 세요 사용 십니다 그러 따로 말씀 셔도 따로 말씀 셔도 세요 연결 전부 같이 드리 소요 으시 구요 롯데카드 삼성카드 부분 대해서 말씀 으로 지급 정지 들어가 된다는 말씀 그런 으로 으시 고요 현대증권 주식 펀드 계신 으시 전혀 으시 그러 지급 정지 해제 드릴 건데요 선생 께서 말씀 고요 사업 으로 사용 신다는 전부 사업 으로 사용 신다 개인 으로 사용 고요 그러 선생 께서 따로 사업 생활 경제 분류 최신 상태 아니 시다 말씀 대해서 분류 으시 통장 계좌 그러 현재 선생 께서 저희 에서 부분 대해서 고요 현재 선생 휴가 고모 어떻게 십니까 대략 으로 말씀 100 으시 그러 200 라고 말씀 고요 200 으실 경우 100 입니다 200 300 미만 습니다 금액 전액 선생 께서 적금 청약 부분 으로 분류 습니까 창업 자금 고요 규모 대해서 여쭤 습니다 사업 자금 부분 사업 자금 생활 용도 개인 으로 자동 군요 그러 선생 결제 대금 빠져 나가 부분 으로 사용 겁니까 대출 빠져나가 혼자 선생 께서 정도 기계 해서 올려 드릴 겁니다 선생 께서 말씀 자금 자금 확인 경우 불법 같이 계실 어요 일단 선생 께서 기재 부분 대해서 다시 여쭤 볼게요 기재 드릴 건데 으십니까 마찬가지 기재 드릴 건데 으시 고요 현재 선생 께서 어느 정도 설정 세요 여보세요 선생 지금 음성 녹취 때문 대화 십니다 선생 목소리 음성 녹취 남겨 셔야 때문 왜냐면 선생 자필 서명 동일 효력 지니 자필 서명 경우 본인 께서 직접 으로 자필 서명 습니까 음성 녹취 마찬가지 돼요 본인 께서 직접 으로 음성 녹취 셔야 부분 라서 타인 대화 세요 현재 메모 십니까 선생 메모 사건 번호 불러 드릴게요 사건 번호 왕건 고요 여기 까지 사건 번호 2015 주사 0685 까지 사건 번호 고요 부모 께서 국제 금융 사기 사건 여유 서울 지방 경찰청 경제 범죄 수사 김범성 경사 입니다 저기 식탁 번호 0261056017 구요 내선 번호 고요 그리고 부분 대해서 금융 감독원 으로 해서 처리 국민 기업 우리 롯데카드 된다고 선생 께서 직접 으로 말씀 셔야 고요 피해자 떳떳 다고 선생 께서 직접 으로 설명 셔야 됩니다 그러 잘못 지금 니까 들어가 선생 께서 지급 정지 된다는 민원 예요 그리고 지금 바로 지능범 죄수 사과 으로 바로 연결 건데 연결 사건 번호 말씀 고요 사건 번호 말씀 계좌 추적 교회 예금자 보호법 대해서 공조 수사 도와 겁니다 전화 마시 연결 드릴게요 여보세요 연결 사건 번호 말씀 지급 정지 대신 된다고 말씀 부분 대해서 예금자 보호법 설정 드리 도록 예요 연결 드릴게요 잠시 기다려 고요 전화 습니다 지능범 죄수 사과 장성기 입니다 나요 통장 지급 정지 선생 사건 연루 20 때문 그러 시내 으시 그래야지 통화 사건 번호 으신 으세요 06496680668 입니다 구가 아니 영일 죄송 합니다 바로 습니다 으시 네요 양두현 으시 계좌 추적 결과 지급 정지 문제 결과 보고서 나와 으시 사건 대해서 서면 으로 소환장 라던지 공문 확인 으십니까 서면 으로 소환장 고문 전혀 으세요 선생 언제 건데 인터넷 으로 저희 신데요 인터넷 사용 세요 열심히 인터넷 고요 인터넷 상단 http 주소창 입력 으시 전부 지워 전부 지운 지점 서비스 도움 드릴 지우 부분 에다가 67 60 198 130 140 140 거기 까지 입력 완료 으면 상태 에서 엔터 저희 경찰청 포털 사이트 접속 예요 접속 말씀 고요 우리 선생 제일 상단 면은 경찰 민원 포털 적혀 으시 경찰 민원 포털 부분 다음 뭘로 라고요 익스플로러 다운 으시 라고 나오 세요 서림 현재 사용 컴퓨터 윈도우 XP 사용 여보세요 최적화 습니다 라고 크롬 설치 으세요 크롬 크롬 설치 으세요 거기 선생 크롬 설치 크롬 설치 완료 바로 말씀 세요 여보세요 사운드 입니다 다운로드 완료 바로 말씀 세요 습니다 요즘 인터넷 전부 구글 크롬 실행 고요 그러 구글 크롬 열렸으면 제일 상단 주소창 으시 주소창 전부 전부 지우 으면 지우 에다가 다시 67 198000 1386 40 거기 까지 입력 완료 으면 상태 에서 엔터 셔서 검색 경찰청 포털 사이트 접속 예요 접속 말씀 고요 다시 좌측 상단 경찰 민원 포털 클릭 셔서 다음 화면 다음 화면 도움 나요 선생 다시 좌측 상단 경찰 민원 포털 적혀 으시 바로 아래 면은 민원 라고 으시 고요 민원 안내 우측 으로 면은 국민신문고 민원 라고 으신 보이 세요 노란색 글씨 국민신문고 민원 에다 마우스 올려 면은 선생 하단 메뉴 여기 드실 예요 메뉴 확인 으세요 여보세요 아무것 어요 선생 좌측 상단 경찰 민원 포털 보이 바로 아래 민원 안내 보이 아니 으세요 어요 지금 어떤 보이 일단 다시 공문 으로 해서 보내 세요 선생 사건 조회 위해서 말씀 드리 고요 교회 셔서 무관 선생 그러 현재 시간 으로부터 음성 으로 마감 도록 음성 녹취 전화 곧바로 계좌 초대 교회 들어가 심해서 급정지 들어가 본청 으로 내방 세요 궁금 사항 으시 022106175 전화,1,"It is difficult to sell the account that the crime is sold as a bank account.Please do it.Confirmation of partial confirmation with Jung -gu, Seoul.How do you have any loans?Mainly about the human rights of usage. Today's date confirms today's date, and I have been asked about the additional disciples of the disciples of the disciples.I asked for the partial location information, and the high school account will open a negative bank account at all.It is a church that is a church tracking church head of the financial supervisory card deposit and withdrawal details.It will be confirmed as a confirmation, and it will be motivated because of the evidence of illegal funds for all payments to all payments around the children.I'll give you a teacher's payment for you tomorrow.The teacher said that the payment is suspended because of the possession of Hanji.We must be in place we will set up our deposit protection law. Stop the depositor protection setting in the case of the account tracking result.As for the application, I would like to put up with the Financial Supervisory Service.If you are all suspended, you will be suspended.Tell me, all the automatic payment is stopped.If you say it, you can tell you all the connections together.I use it as a business. I use it as a business. I use it as an individual.200 If you say 200 if you say, 100 is less than 200. The total amount teacher is classified as a deposit subscription part.I will go out and I'll upload it alone. If the teacher confirms the funds, I will be illegal.Teacher Teacher Teacher Now I'm talking because you have to leave the voice of the teacher's voice.I will bring me the current notebook teacher's memo case number.As a Financial Supervisory Service, the teacher should be said to be a Korean Lotte Card.It's a connection case number, I'm going to help you with the investigation of the deposit of the depositor's deposit. I'll connect you.It's a prisoner apple general.If you are a summoning station or a letter of letter, you can do it in writing.If you have completed the input, enter the portal portal site in the state.Please install Chrome Chrome Chrome Chrome Chrome Chrome.Jisuda 67 198000 1386 40 If you have completed the input, you can enter the portal portal site in the state.Noodle is a complaint.I'm not guiding the following, but now I'm going to send it back to the teacher.I'm curious about it 022106175 Telephone",korean
필요 자금 천만 아요 최대한 진행 해서 천만 더라도 2800 까지 무조건 니까 그러 정확 ok 저축 서류 금리 상환 아야 진행 습니까 상환 기간 납부 방식 심사 들어가 직접 말씀 구요 부분 녹취 니까 심사 전화 에서 그러 ok 저축 에서 여기 다른 에서 진행 거든요 그러면 과장 정확 된다고 얘기 셔야 다른 에서 빨리 진행 거든요 저희 에서 확정 금리 나오 때문 무조건 진행 구요 확정 금리 62 62 그러 어떻게 할까요 다시 진행 할까요 어떻게 할까요 저축 처음 접수 언제 들어가 아니 심의 2300 한다고 구요 근데 대출 라고 셔서 대출 진행 라고 거든요 혹시 서류 첨부 나요 아뇨 본사 에서 서류 발부 어요 그러면 저축 으로 진행 훨씬 빠르 에요 저축 서류 들어가 부터 사업 자분 최소 에서 걸리 걸로 거든요 그럼 오전 서류 본사 에서 발급 만약 그게 진행 도록 할게요 습니다 습니다 바로 전화 번호 셔서 과장 감사 습니다 감사,1,It's 10 million necessary funds.You have to tell you that it will proceed quickly from the other.I don't have a document from the head office.,korean
제일 먼저 지금 뭔갈 해야 그러 니까 그치 그게 지금 제일 먼저 올라가 수주 그거 왜냐면은 12 벨로주 에서 공연 잡혀 12 그래서 약간 직전 면은 아마 연습 느라 되게 바쁠 니까 웬만 약간 만약 거기 기타 으면은 빠르 작업 진행 나쁘,0,"First of all, I have to do something now, so it's the first time to go up, and it's a 12 -bellowed performance. 12",korean
감사 합니다 대리 나요 리요 연결 잠시 외근 나가 어떤 때문 그러 세요 아니 사기 신고 당해서 사기 당했 다구요 무슨 사기 보이스 피싱 사기 당했 다고 해서 경찰 거든요 경찰 신고 다구요 무슨 사기 당하 어요 대포통장 으로 다고 던데요 고객 게요 어떻게 다가 그렇게 어요 대리 그거 대리 으신데 여기 오늘 날짜 퇴사 어요 오늘 날짜 퇴사 다고요 오늘 날짜 그만두 어요 어떤 때문 그러 세요 그분 어제 대출 준다고 면서 통장 거래 유도 거든요 통장 래요 통장 어요 아니요 통장 주진 한도 나오 니까 한도 나오 려면 거래 한다 더라구요 그래서 거래 으려고 사람 입금 그거 출금 해서 고객 출금 어요 인출 한테 전해 더라구요 그래서 건네 어요 얼마 얼만지 생각 구요 아까 외근 나가 다고 셨잖아요 그만두 일단 외근 나가 다고 말씀 드리 다고 생각 어서 말씀 드린 경찰서 에서 세요 혹시 일단 지급 정지 시켜 거든요 통장 고객 처벌 으신 아직 그건 나왔 우선 기다려 자고 어떻 피해자 니까 근데 피해자 라고 해도 고객 아요 그쵸 거기 경찰 얘기 니까 기다리 라고 더라구요 고객 출책 으로 아마 경찰 셔서 벌금 모르 지만 징역 어요 그래서 우선 기다려 라고 더라구요 신고 들어왔 어요 일단 그래서 다가 거든요 경찰서 네네 그러 어요 어떡 해요 고객 근데 전화 으셨어요 계속 끊기 던데 저희 계속 아침 연결 준다고 고서 계속 연결 던데요 그러 세요 대리 연락 지금 퇴사 거든요 연락,1,"Thank you for a while.I'm going to leave the date today. I'm leaving the date today. I'm going to leave the date today.It's a withdrawal and withdrawal to the customer. I'm passing it to the withdrawal.First of all, I'm a victim because I'm a victim, but even if I'm a victim, it's a customer. I'm talking about the police.I did the customer, but I called the phone.",korean
기계 아니 라면은 정말 보컬로이드 아니 라면 음정 틀리 밖에 잖아 그런 그런 약간 보정 화음 그냥 그냥 노면 되게 아무리 화음 어색 잖아 근데 그거 그냥 약간 어떻게 설명 해야 될지 모르 노래 MR 화음 버무린다 생각 거든 그냥 느낌 그렇게 해야 되거 아니,0,"If it's not a machine, it's only a vocaloid if it's not a vocaloid.",korean
여보세요 본인 으십니까 서울 중앙 지검 금융 범죄 진짜 사람 입니다 본인 연료 탱크 성범죄 사건 때문 연락 드렸 습니다 혹시 통화 십니까 아이 으니 사실 대로,1,Huh.,korean
수고 십니다 서울 지검 수사관 에요 지금 통화 괜찮 으세요 지금 다름 아니 으로 명의 도용 사건 관련 해서 확인 연락 드렸 어요 여쭤 볼게요 혹시 라고 에요 사람 전라도 태생 42 남성 에요 농협 에서 전직 농협 에서 10 정도 근무 했었 전혀 짐작 아니 저희 수사 금융 주범 김명석 공범 검거 체포 당시 위조 신분증 대포 통장 OTP 보안 카드 대량 으로 압수 어요 그러 전화 드린 에서 명의 우리 하나 통장 지점 연락 드린,1,I'm a good job. I'm a prosecutor's investigator. I'm okay with the call. I have been contacted by theft case. I'll ask you.Kim Myung -seok's accomplice was confiscated with a large quantity of counterfeit identification cannon bank account OTP security card.,korean
근데 아마 근데 보조 라기 보다 왜냐면 보통 보조 사람 아예 약사 자격증 사람 인데 메인 약사 들어가 약사 으로 보통 아마두 지방 얘기 냐면은 서울 에서 면은 약사 세후 450 정도 400 450 인데 지금 그래서 부천 에서 근데 부천 치곤 많이 건데 세후 600 정도,0,,
